ID,Tshangla,English
1,Lhaa zo,Painting
2,jim zo,Sculpture
3,par zo,Curving
4,dey zo,Paper making
5,luk zo,Casting
6,Tsehm zo,Embroidery
7,thak zo,Weaving
8,shing zo,Carpentry
9,doh zo,Bamboo and cane weaving
10,Tsarh zo,Gold/silver smithy
11,trö zo,Masonry
12,gar zo,Black smithy
13,sha zo,Woodturning
14,paang thah,Back strap loom
15,thaag shing,loom
16,nä shing,"Lower-warp heddle stick around which a silk yarn
is wound"
17,nä kuut paang,"A silk yarn, used as a heddle"
18,nä,Heddle stick with silk yarn
19,sho go dhongh,"Shed  roll  inserted  between  the  upper  and  lower
warp yarns"
20,wai,Upper-warp heddle stick on which the upper warp yarns are wound around
21,ʼmahn taan,A  round  stick  on  which  the  yarn  ends  are  wound around while winding the warp yarns
22,bahng shing,"L-shaped    wooden    beam,    between    which    a metal/bamboo  rod  is  placed  while  winding  the warp yarns"
23,thi doh kang,"metal or bamboo rod which is of the desired length
of  the  cloth  to  be  woven  and  used  while  winding the warp yarns"
24,kuut pahngh,"Yarn, thread"
25,pe shing,"Thin  and  round  sticks,  used  for  segregating  the
warp yarns for patterning"
26,phoon broom,"Thin, short and round sticks around which the weft
is wound"
27,khohm,cloth/warp roll that is attached to a back strap.
28,käy thah,"Back strap  using which the  weaver  can  lean  back
and use the body weight to tension the loom while weaving"
29,chey thah,Back strap  using which the  weaver  can  lean  back and use the body weight to tension the loom while weaving
30,käy thah dhoh,"The  rope  used  for  securing  the  back  strap  on  a
cloth/warp roll"
31,thak chum,"Beater, made from wood that pushes weft through
the warp to the cloth."
32,dohong gor,"The metal bars that are fixed horizontally through the  holes  of  the  wooden  beam,  and  around  which
the warp yarns and the cloth slides through."
33,bee taahn,"Two pieces of beams with a zig zag carvings on the upper portion, kept on both sides of the loom and
across which a piece of plank is placed to brace the feet upon while weaving."
34,be dohong gor,A piece of rod or a plank placed across the bitan to brace the feed upon while weaving
35,si pir,"A  pick-up  stick,  usually  made  of  aluminium  or wood, used for picking up the warp yarns to create
patterns."
36,sip chu,"A  pick-up  stick,  usually  made  of  aluminium  or
wood, used for picking up the warp yarns to create patterns."
37,tseir,"A  flat  stick with  sharp  ends  which are  inserted at the breadth ends of a cloth just below the start of
warp yarn, to maintain the width constant"
38,ri kuut pahng,"Yarn, usually silk that is used for making patterns"
39,phuun,"Weft, filling yarn"
40,phuun pa laahng,"Shuttle, filling carrier"
41,thri thah,Foot-treadle loom
42,thri thah shing,Components of a foot-treadle loom
43,peer,"Metals rods on which wheels are placed to hang the
heddles, which makes it easier to lift and lower the warp yarns"
44,khor lo,Wheel
45,drii shing," “Warp beam”,  roller  at the  end  of the loom,  on which the warp ends are wound for weaving, “cloth beam”, roller at the front of the loom, on which the woven cloth is wound"
46,nas,"Reed,  a  steel  or  bamboo  comb  that  spaces  warp threads evenly and pushes weft into cloth."
47,kahng thraah,Treadle
48,thaak pah,"Rope, thread"
49,thrü thah phuun pa laahng,"Shuttle, filling carrier"
50,paang,"Bench, a wooden plank to sit on while weaving"
51,shu guu näy,"A square-shaped heddle, usually made from X-ray films  and  particularly  used  for  weaving  belts.  A warp yarn runs through each of the four small holes on the heddle"
52,zhyum naang,Yarn swift
53,"zhyum naang bee 
ting",A stand for yarn swift
54,zhyum naang shok pa,"Wings  of  the  yarn  swift,  portion  of  a  yarn  swift excluding the stand"
55,zhyum naang duung shing,A post of the yarn swift
56,son dah ring,Yarn ball winder
57,ji nang,A device to make a yarn skein
58,pa kar,Spool
59,yok pa,Spindle
60,shos kom,"A yarn basket, usually made of bamboo"
61,kuut paang lom naang,Yarn ball
62,dhokh cha,Skein
63,tshô,Dye
64,zahngh ru kuut paang,A yarn made from nettle
65,tshos,Dye
66,bä shä,"Brush, to make yarn from the wool"
67,khah moongh geem,Cloth to be woven on a loom
68,geem,Cloth to be woven on a loom
69,khah moongh jaang,Number of woven cloth pieces required to have a complete cloth of desired size
70,bhoop,A complete cloth piece
71,khah chat,"The edge portion of a woven kira, that has a
pattern, different than that of the main part"
72,maang reem,"A chain-like pattern made at the width-edges of the
woven kira"
73,boom kuut paang,"Thrums, unwoven warp left when the last woven piece is cut from the loom"
74,rom ba,Fringes
75,tshem,"sewing,  seam"
76,thrah,Stripe of different colours with fewer numbers of warp yarn
77,rik pa,Intricate Pattern on a woven cloth
78,hoor,A pattern made by segregating the warp yarns
79,theer mah,Woollen cloth
80,buu ra,"Silk, raw silk"
81,se shu,Silk
82,seer ki,A silver-coloured yarn
83,nö ki,A golden-coloured yarn
84,nam su,Rain
85,nam,"sun, sky"
86,phom,Snow
87,ri di,Wind
88,kheak,Ice
89,ba,Frost
90,ʼmuuk pa,Cloud
91,seer wa,Hailstone
92,shi nang nam,Sunshine with a little bit of drizzling
93,ʼnam cha,Thunderbolt
94,taang le phah,Lightning
95,mung phok pa,Thunder
96,nam su zer ba,Raindrop
97,nam su zim zim,Drizzle
98,ri di nam su,Windstorm
99,mik du ma,Rainbow
100,don ri di,Cyclone
101,chu chuur ba,Cyclone
102,ʼluung tseip,"Cyclone, windstorm"
103,nam pe re re,Scorching sun
104,tson ma,Spinach or sag
105,mom sha ba,Spinach or sag
106,ban da ko pee,Cabbage
107,mey toh ko pee,Cauliflower
108,doh naey,Turnip
109,muu laey,Radish
110,muu lai sa lo,Carrot
111,chang ma,Pea
112,ʼo rey,Beans
113,ʼor sha,Beans
114,pah taang ʼo rey,Flat beans
115,brum sha,Pumpkin
116,ʼis kuus,Squash
117,baan tho,Eggplant
118,baan do,Eggplant
119,joke taang,Potato
120,laam joke taang,Sweet potato
121,zhing joke taang,Sweet potato
122,shing joke taang,"Tapioca, type of potato"
123,laam,Garlic
124,laam sha ba,Garlic chives
125,ʼman ma,Asian chives
126,na raang,Chives
127,kok pa,Spring onion
128,"kok pa sha
ba",Onion leaves
129,sa ga,Ginger
130,u su,Coriander
131,osu,Coriander
132,ʼaue shi la,"Peppermint, mint"
133,nyang saang muu,Dried spinach
134,lo ma saang muu,Dried spinach
135,ʼlam pän taang,Tomato
136,shing ga ʼlam pän taang,Wild tomato
137,nga lak ma,Asparagus
138,so lo,Chili
139,so lo saang muu,Dried chili
140,"so lo ba
ling min",Steamed dried chili
141,"so lo sha
kam",Sliced dry chili
142,no kaam,Sliced dry chili
143,‟nor keam,Sliced dry chili
144,ne ra so lo,"Imperial surya chili or indian
chili"
145,zar ka so lo,Imperial surya chili or indian chili
146,ju ru so lo,Red cherry chili
147,kai ru,"Caigua or pronounced as kai-
wa, cyclanthera pedata"
148,pau la,"Caigua or pronounced as kai-
wa, cyclanthera pedata"
149,khaa laang ji,"Bitter tomato, solanum
incanum"
150,chang mey toh,Orchid
151,khaa lu kai ru,Bitter gourd
152,doh nai saang muu,Dried turnip
153,ba muung,Mushroom
154,ba muung sang muu,Dried mushroom
155,li be,Edamame hummus
156,bro ko li,Broccolli
157,ko pa,"Banana blossom, banana
flower"
158,da wai,fiddlehead
159,ton ki da wai,Autumn fern
160,dree mom,Elatostema lineolatum
161,bo raang joke taang,"Air potato, true yam, a type
of wild potato that can be eaten"
162,mom ba ring,Fish mint
163,phah shi nang,Rattan shoot
164,chur,Seaweed
165,ʼlu ghee,Seaweed
166,so lo mom,Bitter leaf
167,ʼnam na,Bitter leaf
168,khak ti ma,Type of orchid flower
169,wang päm,Type of orchid flower
170,khaa tsir ma mey toh,Malabar nut flower
171,ba muung,Mushroom
172,sang gäy sha muu,Matsutake
173,tsai shing ba muung,Shiitake
174,go wa yan ba muung,Yellow chanterelle
175,seer ba muung,Yellow chanterelle
176,nu ba muung,Orange milk cap mushroom
177,zhul ba muung,Oyster mushroom
178,rum ba ba muung,Ramaria mushroom
179,pho laang ba muung,"Aureoboletus thibetanus,
type of mushroom"
180,da ni ba muung,"Wood ear, Auricularia
auricular"
181,go nor ba muung,"Wood ear, Auricularia
auricular"
182,breng pa ba muung,Turkey tail mushroom
183,roi nang ba muung,"Amanita phalloides, a type
of mushroom"
184,nas ba muung,Lion‟s mane mushroom
185,me rik ma ba muung,"Liberty caps, type of mushroom"
186,joke shing,Trellis
187,shing nar ma,Hardwood
188,shing jam pu,Softwood
189,chang shing,Pine
190,chang ma shing,Willow tree
191,chongma shing,Fig
192,duung shing,Fir
193,shuk pa shing,Juniper
194,tsen dän shing,Sandalwood
195,ba shing,Spruce
196,za shing,Fruit-bearing tree
197,tak pa shing,Birch
198,cha ma lak shing,Maple
199,bai nang shing,Oak
200,kar shing,Poplar
201,zhu daang shing,Rhododendron
202,khey shing,Walnut tree
203,ʼaam shing,Mango tree
204,re nang shing,Conifer
205,leng shing,Peach tree
206,jaa shing,Tea plant
207,shu guu shing,Daphne
208,trop da shing,Eucalyptus
209,päy ma gey sar shing,Red silk cotton tree
210,mo ngan shing,Cotton tree
211,ʼnam ka ling shing,Oroxylum indica
212,ʼa gur shing,Frankincense tree
213,jaang chup shing,Bodhi tree
214,rop taang shing,Chinese lacquer tree
215,jar shing,"A kind of tree that irritates
the skin"
216,brong shing,Rubber tree
217,shî,Bamboo
218,so,Bamboo
219,beng ra,Axe
220,gaam,Glue
221,ra thong,Hammer
222,chang nger,Lever
223,chang zer,Nail
224,pir,Paint brush
225,sek se ma,Sandpaper
226,sek sek pa,Sandpaper
227,chuung zer,Screw
228,ʼmik cha,Horseshoe
229,ko da,Spade
230,pra tah mah ko dah,Rake
231,pra ta ma,Rake
232,tar chuung,Hoe-like axe
233,zer,Wedge
234,chuung zer,Drill
235,chu khaa,Hoe
236,gap cha,Saddlery
237,hem,Shovel
238,khaa chee,Sickle
239,tring ka,Spear
240,chuung zer,"Awl, piercer"
241,nyung,"Awl, piercer"
242,cha pa ʼnya shing,Plough
243,cha pa gaang,Handle of the plough
244,ʼlaang ʼling,Handle of the plough
245,chuuk shing,Beam of the plough
246,ʼnya shing,Yoke
247,pear toh maang,Iron rod
248,gak,Poisoned arrow
249,pear me,Hunting arrow
250,so lep,Saw
251,ʼa ra,Crosscut saw
252,ʼlo pon,Carpenter‟s scale
253,trop da,Gun
254,trop da diu,Bullet
255,pes tol,Pistol
256,chuum pak,Magnet
257,dra li,Shield
258,ji li,Plane
259,phak ze,Paintbrush
260,thrül tshem,Sewing machine
261,tshem kuut paang,Sewing thread
262,shing gaam,Wood glue
263,thik shong,Measuring string
264,thong,Wooden hammer
265,dar doh,Whetstone
266,dar dah luung,Whetstone
267,tso luung,Whetstone
268,sek dah ring,File
269,ri ti,File
270,chu seay,"Time, Hour"
271,kar ma,Minute
272,kar cha,Second
273,dü,"Era, time"
274,dü kaap,"Period, time"
275,ʼe ning,Yesterday
276,khi ning,Day before yesterday
277,khey ning,"Two days before
yesterday"
278,thi nong,Today
279,nam ning,Tomorrow
280,zhim rong,Day after tomorrow
281,shim rong,Two days after tomorrow
282,khim rong,Three days after tomorrow
283,ʼo ma,"Just now,  right now"
284,ʼom den,"A  while ago, some
time ago"
285,ʼe ning khi ning,Last time
286,ʼe hey ning,Last time
287,tsei ney,Next time
288,nam chey,"Next time, Tomorrow"
289,käl pa,Eon
290,go ma,Before
291,go mä,Before
292,ʼo mey,Later
293,ʼo ma,Now
294,tsing tsing,After
295,ʼo ma raang,Immediately
296,kor cha,Around
297,nam tsei baang,Half day
298,nam thur,"All day, one day"
299,thi nong nam che,Nowadays
300,"thi nong nam
ning",Nowadays
301,dü tsö ga,On time
302,ʼbi nang thur,"One night, whole
night"
303,ʼo ma sa ken,Until now
304,ʼo ma sak pu,Until now
305,ʼo ma cham ka,These days
306,ʼo tha cham ka,These days
307,ber,Summer
308,ra la,Winter
309,ton,Autumn
310,guun,Winter
311,ta buu ra,"Always, everytime"
312,ta buu ʼna buu,Everytime
313,nong draang ra,Everyday
314,cham cham,Sometime
315,ming ma tek pa,Before dawn
316,ming tek pa,Dawn
317,bet pu,Morning
318,eun,Morning
319,nam bar ka,"Noon, midday"
320,nam sa la kaam,At sunrise
321,"ngam thong
ma kam",At sunrise
322,nap ka,Afternoon
323,ne ri sha mey,Dusk
324,ming mer be cham pa kaam,Dusk
325,ming rap rip,Dusk
326,ne ri,"Evening, night"
327,be naang,Night
328,be naang barka,Midnight
329,be naang do,Midnight
330,bet pu chu tshei se,ten am
331,ne ri chu tshei se,ten pm
332,bet pu chu tshei saam,three am
333,nap ka chu tshei phe daang thur,twelve thirty pm
334,be nang chu tshei phe daang thur,twelve thirty AM
335,nap ka chu tshei thur,one pm
336,dü rap,Century
337,rap juung,"Name of a cycle of
sixty years starting with fire rabbit year"
338,kor,"A complete cycle of
twelve years"
339,me rap,Generation
340,ʼnam lo,Lunar year
341,chee lo,Ce (common era)
342,lo,Year
343,rang lo,Lunar year
344,lo sar,New year
345,lo na,Inauspicious year
346,daang po,"Olden times, long ago"
347,daang po ding po,"Olden times, long ago"
348,ʼo ma ga dü ka,"Today, modern times"
349,yang thean,Last year
350,zuung thean,Before last year
351,da ri,This year
352,so ngan,Next year
353,shi ngan,After next year
354,nyam,Days
355,ji lo,Rat year
356,ʼlaang lo,Ox year
357,tak lo,Tiger year
358,yö lo,Rabbit year
359,druk lo,Dragon year
360,drü lo,Snake year
361,tai lo,Horse year
362,luk lo,Sheep year
363,tre lo,Monkey year
364,jaa lo,Rooster year
365,khi lo,Dog year
366,phâ lo,Pig year
367,la ni,Month
368,raang dah,Lunar month
369,dao daang pa,January
370,dao ʼnyi pa,February
371,dao sum pa,March
372,dao zhi pa,April
373,dao ʼnga pa,May
374,dao druk pa,June
375,dao dün pa,July
376,dao gäy pa,August
377,dao guu pa,September
378,dao chu pa,October
379,dao chuk che pa,November
380,dao chu ʼnyi pa,December
381,za,Day
382,rey za,Day
383,‟mik mar,Monday
384,lhaak pa,Tuesday
385,phur buu,Wednesday
386,pa sang,Thursday
387,pen pa,Friday
388,ni ma,Saturday
389,da wa,Sunday
390,zhim pu,Sweet
391,jaa laam ji lim,Mixture of sweetness and sourness
392,chuur pu,Sour
393,chuu lum ken,A taste with little bit of sourness
394,cha lam chuu luum,"A taste with little bit of
sourness"
395,khaa lu,Bitter
396,khak tik ken,Quite bitter
397,shok pu,"Hot, spicy"
398,pear buu,"Hot, spicy, Icy"
399,har bu,"Pungent taste, like that of a rotten cheese"
400,bey re re,Taste of a sichuan pepper
401,jaam pu,Weak taste
402,khok pa ʼlu ʼlu,Nauseous
403,phros pe lah mah ʼa ka,Nauseous
404,nar mah,Strong
405,bro ma ka,Tasteless
406,sa lu,Hot
407,so phu,Hot
408,kip kip,Hot
409,chang pu,Cold
410,khur buu,Cold
411,keak puu,Freezing
412,gom pu,Warm
413,ga ma go mo,Luke
414,dra ma dro mo,Lukewarm
415,drö,Heat
416,droop zhi,Square
417,nar ta la,Rectangle
418,khir khir,Circle
419,khir ti la,Circle
420,zur saam pa,Triangle
421,zur phe pa,Four-cornered
422,zur nga pa,"Pentagonal, five-
cornered"
423,zur khuung pa,"Hexagonal, six- cornered"
424,zur yen pa,"Octagonal, eight- cornered"
425,zur song nik tsing pa,"Dodecahedron, twelve-cornered"
426,pe lek taang,Flat
427,lep taang,Flat
428,chong ka ling,Cylindrical
429,tu lum pee,Spherical
430,tu lum pee rui rui,Spherical
431,ka traa ko tro,Crooked
432,jan tah ling juun tah ling,Twisted
433,thrang pu,Straight
434,yor pa ling,tilted
435,yor pa,tilted
436,ku ka ling,"Bent, curved"
437,kho ra,"Bent, curved"
438,kur pa,Bent
439,ring muu,"Long, elongated"
440,ring buu,"Long, elongated"
441,thuum buu,Short
442,thu muu,Short
443,dra dum,Piece
444,dra mî,Grid
445,jaa draam,Grid
446,kor laam,Long    way
447,laam jaa dram,"Four-way    intersection, junction"
448,laam khaap jäa,"Three-way    intersection,
junction"
449,laam gor taap,Turning
450,ga ri laam,"Road,    motor    way"
451,jaa laam,Highway
452,zhung laam,Highway
453,kuur tah laam,Mule    track
454,sep laam,Narrow    path
455,wa laam,Path    for    the    cattle
456,kaang zam,Footbridge
457,tring zam,Suspension    bridge
458,tsar zam,Cane    bridge
459,shing zam,"Wooden    bridge,"
460,cha zam,cantilever    bridge
461,ba zam,"Wooden    bridge,
cantilever    bridge"
462,zur laam,Side    road
463,ri laam,"Waterway,    irrigation
channel"
464,rey la laam,Railway
465,sang laam,Short    cut
466,thrang laam,Short    cut
467,so nam zhing lam,Feeder    road
468,throm lam,"Avenue,    high    street,
street"
469,gong lam,"Ascent,    inclination,
pitch,    slope,    rise, uphill"
470,ku,Statue
471,sa ku,Statue made from clay
472,zaang ku,Statue made from copper
473,ʼmän ku,Statue made from clay
474,baap,Mask
475,zhuk thri,A raised seat
476,thri,A raised seat
477,dran thri,Chair lift
478,guu,Drum
479,ʼnga zuung,Drum stand
480,guu juk paang,A curved drum stick
481,jir juk paang,A pair of straight drumstick
482,poi,Incense stick
483,poi phor,Incense pot
484,sang,Incense
485,sang dzäy,Ingredients in incense
486,sang phur,"Incense pot,  incense burner"
487,sang khô,"Incense pot, incense burner"
488,drip sang,Purifying incense
489,ʼlu sang,Incense offered to the serpent
490,pos kar,Frankincense
491,dam dzäy,Sacred medicinal substance
492,jin lap,Boon
493,dree zaang,Saffron
494,ga bur,Camphor
495,li shi,Clove
496,phreng ma,"Rosary, bead"
497,draang dzin,"Small rings that are stacked and
attached to the rosary as a counter to record the number of chant"
498,dree buu,A ritual bell
499,tsie ling ma,A ritual bell
500,ko trong ma,Rattle
501,traang tring,Rattle
502,dre buu shup,Bell case
503,dor ji,"Vajra, an implement used during ritual"
504,phur pa,Ritual dagger
505,chö thri,Offering stand
506,kar mee tek,A butter lamp stand
507,kar min kong buu,Butter-lamp vessel
508,jam chö kong buu,A set of 108 butter-lamp vessel
509,"kar min dong
rä",Butter lamp wick
510,kar me,Butter lamp
511,mo ngan,"Cotton, cotton wool"
512,dung,Trumpet
513,ka ling,"A reed-like instrument similar to clarinet but slightly larger, used during
Buddhist ceremonies"
514,dung kaar,White conch
515,kaang dung,Thigh-bone trumpet
516,re mong,Cymbals
517,bö röl,A type of cymbals
518,po sang,A type of cymbals
519,sil ʼnön,A type of cymbals
520,tor ma,"A flour, butter or earth-made ritual cakes that are pressed into different
shapes and often coloured and ornamented."
521,tor dzäy,Ingredients for making ritual cakes
522,tsei tor,Long-life torma
523,man drel tsom buu,A pile of mandala
524,ting,A water offering bowl
525,chot pa ting,A water offering bowl
526,phü kong,Libation offering bowl
527,ting sha,"A kind of small cymbal used in
Buddhist ceremonies to provide musical accompaniment"
528,pai der,"Platter, saucer"
529,tor ma zheeng pe ga kho lom,"A large bowl, usually made out of wood, used for kneading dough to make torma"
530,tor tek,Torma-stand
531,tsô,"Food offerings, feast offerings"
532,tsoke thri,"A stand on which feast offerings are
placed"
533,tsoke zhong,A container in which feast offerings are put
534,tek thri,"A long wooden table on which religious
items like statue and tormas are placed"
535,buum pa,"A pitcher-like vessel used as a container
for „cleansing water‟ known as thrϋchu"
536,thot pa,"Skull cup, used for storing dütsei"
537,dü tsei,"Cleansing water, which is usually made by alcohol"
538,thru chu,"Cleansing water that may contain
drizang, gabur or lishi"
539,droop chu,Blessed water
540,sok par,"A wooden block which has the human
and animal carvings on it"
541,ku thaang,"Buddhist painting usually done on canvas or sized cloth of a religious
motif"
542,thaang ka,"Buddhist painting usually done on
canvas or sized cloth of a religious motif"
543,thong drel,Large thangka
544,dep ri,Wall painting of a religious motif
545,tsen dre,"Small rolls of torma served during the
rituals as a prayer for longer life"
546,drui na,Mixture of nine types of grain
547,ʼnam ka ling,Oroxylumindica
548,kar jan,"Colourful and flower-like decoration made with butter on the torma. The patterns depend on the types of ritual
performed"
549,tor maa bok pee,"Any type of flour used for making
torma"
550,tor ma zuung,Money offering on ritual cakes
551,chö drom,Bigger rattle
552,ʼnen dar,"Money offered in sacred places for well
being"
553,cha gap,Fee given to the ritual performers
554,ʼngak chu,"Potion, blessed water"
555,ʼnga mar,Blessed ointment
556,rak traa,"Small container made out of metal in which meat and water offering is done.
Actually, meant for offering blood"
557,tsei dar,Scarf of five colours used while blessing for life
558,mar chang,"Alcohol-offering done during special
occasions"
559,mar chang thro,Vessel used for marchang
560,theer po,Vessel used for marchang
561,ya dren,"Beak/horn-shaped item made out of
butter,  radish or wood, attached on the surface of marchang thro"
562,dar shing,Prayer flag
563,khaa dar,Scarf
564,ma ni laa kor,Small prayer wheel
565,chu kor,A prayer wheel run by the stream water
566,chu khor ma ni,A prayer wheel run by the stream water
567,ma ni dung khor,A large prayer wheel
568,mani dung juur,A large prayer wheel
569,jap gaû,Amulet
570,suung ma,Talisman
571,chö ga pey cha,Religious texts
572,chö ten,Stupa
573,cham chä,Mask dance items
574,thün pe cha,Prayer book
575,doh maang,Collection of sutras
576,döh,Ritualistic thread-cross
577,ʼwaang,Blessing
578,näy wa,Hell
579,thoh ri,Heaven
580,khor wa,Samsara
581,thün,Prayer
582,ʼmön lam,Wish
583,ʼnäy kor,Pilgrimage
584,kor zä,Handout
585,kil khor,Mandala
586,kan juur,Buddhist canon
587,ta shi ta gäy,The eight auspicious signs
588,ta shi ʼmön lam,Concluding prayer
589,kaam tsô,"Offerings other than cooked foods such as biscuits, noodles, fried or roasted grain items, etc."
590,ku ke,"Re-birth, re-incarnation"
591,chap,"Protector, refuge, asylum, deliverance"
592,chap gön,"Protector, saviour, refuge, providence,
protectress, redeemer, relief"
593,chap dro,Refuge
594,ke ga na che,"Living beings life of birth, aging,
sickness and dying"
595,ke wa,"Incarnation, rebirth"
596,ke sei,Birth horoscope
597,kham suum,The three realms
598,goam,Meditation
599,droop chen,Grand religious ceremony
600,dru pa,Meditation
601,gäy tong pa,Prajnaparamita in eight thousand verses
602,ʼnga ging,A kind of mask dance performed with drums
603,ʼnga cham,A mask dance performed with drums
604,ʼngak,"Mantra, charm"
605,khaam nga,The five elements
606,me kham,Fire element
607,cha kham,Metal element
608,chu kham,Water element
609,sa kham,Earth element
610,ʼlung kham,Air element
611,chom thrül,"Miracles, miraculous performance"
612,cho,"dharma, religion  or phenomena"
613,cho po ti,Volume of scriptures
614,cho ga tah wa,"Religious principle, philosophy"
615,jin pa,"Charity, alms"
616,cho ga shäk pa,Religious discourse
617,kön cho suum,The triple gem
618,chö khor,"Religious teaching, sermon, dharma
chakra"
619,chö dro,"Spiritual friend, dharma friend"
620,chö gäl,"Religious king, dharma raja"
621,chö luk,"Faith, sect, religion"
622,chot pa,Religious offering
623,choe kin jey po,Lord of death
624,chee wa me tak pa,"Impermanence, uncertainty"
625,jam chö,Libation
626,jaa phü,The first tea offering
627,jäa khaa,Audience or Public display
628,tom chö,Libation
629,ku ten,Statue
630,suung ten,Religious texts
631,thuk ten,Stupa
632,thuk dam,Deep concentration or Prayer beads
633,däy pa,"Faith, belief"
634,dü zaang,Auspicious day
635,dam cha,"Oath, pledge"
636,dam chö,Dharma
637,dam pa,"Sublime, noble"
638,dam pai ʼlha chö,"Sublime religion, dharma"
639,dän sa,"Seat, residence"
640,dam nga,Advice
641,geiu gey sa,Funeral rites
642,gey wa,"Virtue, merit"
643,nang ten,Sacred object
644,nang pa,Buddhist
645,ʼnam thar,Biography
646,ʼnam trül,"Embodiment, manifestation"
647,kur pa,"Backbite, slander, profanity"
648,thri luung,Oral transmission and explanation
649,ʼngön shey,"Clairvoyance, supernatural perception, prediction, prophecy"
650,gur ma,"Religious song, spiritual song"
651,gur ʼlu,"Religious song, spiritual song"
652,zhaap ten,Prayer for stability of life
653,tsoke ʼlu,Feast song
654,ter,Treasure
655,ter ma,Treasure
656,jaang,I
657,jaang tan,Myself
658,jaang tan raang,Myself
659,jaang ga,Mine
660,rok,"He, she"
661,rok ten,"Himself, herself"
662,rok ten raang,"Himself, herself"
663,rho kaa,"His, her‟s"
664,naan,You
665,nai baak,You
666,naan tän,Yourself
667,naan tän raang,Yourself
668,naan ga,Yours
669,nai baak,You all
670,thaa,You
671,thaa baak,You
672,rok tey baak,"They, Them"
673,rok tey baak ten raang,Themselves
674,rok tey ten raang,Themselves
675,rok tey ga,Their
676,ʼai baak,"We, us"
677,ʼai baak ten,Ourselves
678,ʼai baa ka,"Our, ours"
679,ʼai ten ga,"Our, ours"
680,so so,Other
681,rok tey,Other
682,bra,Other
683,so so baak,Others
684,ʼo thaa,This
685,ʼa thaa,"This, here"
686,ʼoh nu,This
687,ʼoh thaa baak,These
688,ʼa thaa baak,These
689,ʼoh nu baak,These
690,ʼoh nu,This
691,ʼoh na baak,Those
692,ʼoh nu baak,These
693,ley la baak,Those
694,kaam zhing,Dry land
695,chu zhing,Wet land
696,tsham toke sa,"Barber‟s shop, hair-cutting
saloon"
697,tsham mek sa,"Barber‟s shop, hair-cutting
saloon"
698,phai,House
699,ma phai,"Maternal house, main house"
700,tson kang,Prison
701,throm,"Town, market"
702,dung,"Village, countryside, rural area"
703,dra tshang,Monastic institution
704,shäy dra,Monastic institution
705,gon pa,Monastery
706,gön khaang,Inner chapel
707,ga ri chot sa,Automobile workshop
708,ga ri thaa sa,Car parking
709,drem khang,Post office
710,jaam tso,"Ocean, sea"
711,tsho,Lake
712,gäy sa tey wa,Capital
713,zhung,Capital
714,go nor ʼmän kaang,Veterinary hospital
715,druip dra,"Retreat centre, meditation centre"
716,gom dey,Spiritual community
717,shong laa sa,Resting place
718,naa daang,Resting place
719,sa chu,Hot spring
720,ʼman chu,"1. Hot stone bath
2.  Mineral water"
721,ri zik sa,"Washroom, bathroom"
722,ri khap ji,Water distribution point
723,ri ‟nai ma,"Bank, riverside"
724,ri muung,"Spring, water source"
725,ri tshang,"Pond, pool"
726,nga tsang,Fish pond
727,nga sing sa,"Fish farm, fishery"
728,go waa phai,Coop
729,wa phai,Cowshed
730,phak pa kor kang,Pigsty
731,kuur ta phai,"Mews, stable"
732,chang sa,Play ground
733,daang räy,Village compound
734,nây,Forest
735,ma nang,Forest
736,bo raang,Bush
737,wa braang sa,"Grazing land for cattle in the
forest"
738,che ma,Bush
739,ʼman kang,Hospital
740,"druk pa ʼman
kang",Traditional hospital
741,ʼnam dru thaang,Airport
742,par khaang,Photo studio
743,paang thaang,Ground
744,ung,Ground
745,dur thrö,Grave
746,tsong kaang,Shop
747,sha kang,Meat shop
748,mom se tsong sa,Vegetable market
749,ba go,Hut
750,ba kaa li phai,Plank house
751,ʼma kang,Military camp
752,laa khaang,Temple
753,zong,Dzong
754,ʼa ni mo dra tsang,Nunnery
755,yik tsang,Office
756,ʼa ring,Terrace
757,ʼung,Field
758,mom se dum ra,Vegetable garden
759,chuur,Kitchen garden
760,brak,Cliff
761,phuung ka paang,Cave
762,sam dro,Grassland
763,phu,"Highland, Mountain"
764,shot,Lowland
765,laa,Pass
766,dey khaa,Contingent
767,jaa thaang,Indian plain
768,shing drak sa,Sawmill
769,gaang thröe,Mountain retreat
770,ri thrö,Mountain retreat
771,tsham kaang,Hermitage
772,tsham phai,Hermitage
773,rho kang,Mortuary
774,ʼnäy kang,Residence of local deity
775,tshang,Nest
776,ga ri phai,Garage
777,nas,Comb
778,shing ga nas,Tight-tooth combs used for removing lice from the hair
779,sam daam kaan,Hair tie
780,sam thik saam,Hair tie
781,na ga keer,Earrings
782,na ke ri,Earrings
783,juu ru,Necklace
784,juu ru shai,A ring of beads/coral
785,zi,Cat‟s eye
786,na ʼyu,Turquoise
787,ʼyu,Turquoise
788,muu ti,A coral necklace
789,ji ning,Red coral necklace
790,dor ji,"Vajra, usually small in size
and worn as jewellery"
791,tso,Bracelet
792,tsai duum,Ring
793,ko ma,Brooch
794,jap thah,Chain connecting the two brooches
795,thur paang,Brooch used in olden times
796,thai ma,Leather belt
797,ko chap,"A leather belt with silver patterns, worn  by kings and the higher officials, in the olden times"
798,pe tree,Belt
799,shaa raang si,Hair oil
800,traa män,Hair oil
801,tsham zün ma,"Wig, artificial hair"
802,zu ka ʼman,Face cream
803,khaa jaang,"Number, quantity"
804,ʼläy kor,Zero
805,thur,One
806,nik tsing,Two
807,saam,Three
808,fee,Four
809,nga,Five
810,khuung,Six
811,zum,Seven
812,yen,Eight
813,guu,Nine
814,se,Ten
815,song thur,Eleven
816,song nik tsing,Twelve
817,song saam,Thirteen
818,song fee,Fourteen
819,so nga,Fifteen
820,song khuung,Sixteen
821,song zum,Seventeen
822,song yen,Eighteen
823,song guu,Nineteen
824,khai thur,Twenty
825,khai thur daang thur,Twenty one
826,khai tang thur,Twenty one
827,khai thur daang nik tsing,Twenty two
828,khai taang nik tsing,Twenty two
829,khai thur daang se,Thirty
830,khai taang se,Thirty
831,khai phey daang nik tsing,Thirty
832,khai thur daang song thur,Thirty one
833,khai thur daang so nga,Thirty five
834,khai nik tsing,Forty
835,khai nik tsing daang thur,Forty one
836,khai nik tsing daang  se,Fifty
837,khai phey daang saam,Fifty
838,khai nik tsing daang song thur,Fifty one
839,khai phey daang sam daang thur,Fifty one
840,khai phey daang saam daang nga,Fifty five
841,khai sam,Sixty
842,khai sam daang thur,Sixty one
843,"khai sam
dang se",Seventy
844,khai phey dang fee,Seventy
845,khai saam daang song thur,Seventy one
846,khai phedang fee daang thur,Seventy one
847,khai phey daang fee daang nga,Seventy five
848,khai pshi,Eighty
849,khai fee daang thur,Eighty one
850,khai phey daang nga,Ninety
851,khai phey daang nga daang thur,Ninety one
852,khai phey daang nga daang nga,Ninety five
853,khai nga,One hundred
854,jaa thur,One hundred
855,khai se,Two hundred
856,khai so nga,Three hundred
857,ni shu thur,Four hundred
858,ni shu thru daang khai nga,Five hundred
859,ni shu thur daang khai se,Six hundred
860,ni shu thur daang khai so nga,Seven hundred
861,ni shu nik tsing,Eight hundred
862,ni shu nik tsing daang khai nga,Nine hundred
863,ni shu nik tsing daang khai se,One thousand
864,tong thrah thur,One thousand
865,ni shu nga,Two thousand
866,tong thrah nik tsing,Two thousand
867,ni shu phey daang yen,Three thousand
868,tong thrah saam,Three thousand
869,ni shu se,Four thousand
870,tong thrah fee,Four thousand
871,ni shu phey daang song saam,Five thousand
872,tong thrah nga,Five thousand
873,ni shu so nga,Six thousand
874,tong thrah khuung,Six thousand
875,ni shu phey daang song yen,Seven thousand
876,tong thrah zum,Seven thousand
877,ni shu khai thur,Eight thousand
878,tong thrah yen,Eight thousand
879,tong thrah guu,Nine thousand
880,thri thur,Ten thousand
881,tong thrah se,Ten thousand
882,buum thur,One hundred thousand
883,thri se,One hundred thousand
884,sa ya,One million
885,bum se,One million
886,rong nang,"The hand span between the tip of the middle finger of one hand to the other
when the arms are stretched"
887,khaang,"The hand span between the elbow and the
tip of the middle finger when the fingers are extended"
888,ya nang,"The hand span between thumb and the tip
of the middle finger when the fingers of the hand are extended"
889,wai bee laam,"The hand span between thumb and the tip
of the bent index finger"
890,gun,"The hand span between thumb and the tip
of the bent index finger"
891,phok,"The hand span between thumb and the tip
of the index finger when the fingers of the hand are extended"
892,lak chaa,"Four-finger Width, the measurement of the width of four fingers together when placed flat"
893,ni jim,"Two-finger Width, the measurement of
the width of two fingers together when placed flat"
894,saam jim,"Three-finger Width, the measurement of the width of three fingers together when placed flat"
895,in chee,"Inch, Thumb Width, the measurement of
the width of the thumb"
896,thep,"Inch, Thumb Width, the measurement of the width of the thumb"
897,par,Handful
898,chom,Handful
899,cho,"Fist Height, the distance between the lower tip and the upper tip of clenched fist"
900,kang,"Step, the distance covered by a single step"
901,ʼä kar,Acre
902,drees,Decimal
903,mee dah sey,"The distance covered by a shot arrow, somewhat equal to 145 metres"
904,me trar,Metre
905,ki lo mi trar,Kilometre
906,fit,Feet
907,laam shu,A small measuring device round in shape used for measuring out grains and the like. Four laam shu is equal to one khau
908,khau,"A medium-sized measuring device round
in shape and usually made of wood, used for measuring out grains and the like"
909,sang,"A type of beam balance, with a cross-arm
and pans, used for measuring things"
910,li trar,Litre
911,ʼa da,"Half litre, half kilogram"
912,po wa,One of four equal of something
913,ke ji,Kilogram
914,ka la thap cha,Crockery
915,me deym,Tripod oven
916,thaap,Oven
917,saan ta,"An open shelve above the mud-oven, usually used for drying edibles"
918,drem phaang,"An open shelve above the mud-oven, usually used for stacking up the firewood"
919,muu guu gaang,Chimney
920,mee za,Brazier
921,gaar sang,Forge
922,kem paah,Tongs
923,muu guu doong,"A blow-pipe, used to make fire"
924,buut koong,"A blow-pipe, used to make fire"
925,pe lem,"A spatula-like device, used for collecting ashes"
926,thu lu,Ash
927,thab shing,"Wood, fuel"
928,khaa ree,Ash-solution
929,kho so,Charcoal
930,muu guu yor,Soot
931,muu guu ,Smoke
932,duung chuung,Small bottle or tube
933,kaa laa,Pot
934,tauu,Large pot
935,khô,Earthen pot
936,chong,Gourd
937,kaang suum,A tripod placed inside the ‟ar zang to hold kho
938,kar wa,Ladle
939,choke,Ladle
940,ga wa,Rice scoop
941,toh lem,Rice scoop
942,sip sa,Spatula
943,lem,Spatula
944,buung nang,Lid
945,pee pee,Funnel
946,dope,Bucket
947,geep dope,Bucket
948,kap taang drey shing,Rolling pin
949,kap taang paang,Board
950,cuur,"A traditional wooden device used for
making putang"
951,cha dope,Metal bucket
952,sha kar,Metal bucket
953,chu zaang,Container to store water
954,zom,"Barrel, wooden pail"
955,thong kor,Wooden tub
956,shing chong,A wooden tank used for storing water or Wooden tub
957,phor,Twirling stick
958,jaa thru,Twirling stick
959,jaam ji,Teapot
960,jaa kho,Teapot
961,jan dom,"A container with decorated patterns
on it, and made from either wood, pipe or bamboo used for storing wine"
962,dong tsong,"A container with decorated patterns on it, and made from either wood,
pipe or bamboo used for storing wine"
963,khoi jan,Pot-mat
964,khoi chin,Wine strainer
965,jaa su ma,Churning tea
966,su ma,Piston
967,mom se khaa chee,Vegetable knife
968,kaa traa la,Pocket knife
969,tap khaa  chee,Pocket knife
970,pah taang,Knife
971,cho wang,Knife
972,dik,Round aluminum pot without handle
973,so pa laang,"A bamboo container used for storing
wine"
974,buut pah,Bellows
975,mee phuur,Torch
976,raam ba,Torch
977,mok tru,A dumpling steamer
978,toke si,Mortar
979,toke si luung,Pestle
980,tun buu luung,Pestle
981,lu,"Larger mortar, used for beating rice and etc"
982,mee toh maang,"Larger pestle, used for beating rice
and etc"
983,raang thang,Millstone
984,raang thang gaang,"A hole on the millstone through
which the grain is put"
985,nap sa bak taang,"Kitchen pad, oven glove"
986,sa kho,Earthen pot
987,zaang zhong,Bowl
988,shing tro,Tray
989,shey ga dam ji,Bottle
990,baam zi,A bamboo container usually used to store butter
991,tsir ma,"A bamboo pouch, used to extract oil"
992,sahng,Measuring weight
993,sahng luung,Measuring stone
994,laa nga,Frying pan
995,taan paang,Chopping board
996,dah laah,"Flat bamboo container, usually used as winnowing fan or for drying
edibles"
997,zhhu dah laaah,"Larger and flat bamboo container, on
which fermented grains are spread, to be mixed with yeast"
998,baang khaap,"Larger and flat bamboo container, on which fermented grains are spread, to
be mixed with yeast"
999,cheir gaen,Strainer
1000,bok pee cheir gaen,"Strainer with smaller holes, used to sieve flour"
1001,khaa raang cheir gaen,"Strainer with medium sized holes, used to sieve maize grits"
1002,sa lan ji,"Strainer with medium sized holes,
used to sieve maize grits"
1003,ra chang,"Strainer with larger holes, used to
sieve grains"
1004,lô,"Bamboo mat, used to dry grains and etc"
1005,shor ma,Grater
1006,laap daar,Grater
1007,mok,Cup
1008,kar zhhu,"China, cup"
1009,gur buu,Curry bowl
1010,thur ma,Spoon
1011,shing gur buu,A wooden cup
1012,ʼnöi shu gur buu,"A wooden cup with silver lining in
the inner side"
1013,dzap shi gur buu,A cup made from burl wood
1014,thah li,Plate
1015,der ma,Plate
1016,baang chuung,"A container made from bamboo, used
as a plate and also for storing edibles"
1017,taang kum baang chuung,"A bamboo container which is little bigger than the baangchuung, and used as a plate and also for storing edibles"
1018,laang kem pa,"A piece of wood used for holding the
pan"
1019,brek shing,Roasting stick or A bunch of thin bamboo stick used for roasting grains
1020,hoor bo tal,"Flask, hot bottle"
1021,jaa sa,Sieve
1022,lak chuung,"A bamboo-woven container, usually
used for offering snacks"
1023,sho ma,"A large bamboo container used to store grains and also to store rice for
serving"
1024,toh rey,"A piece of cloth used for packing
food"
1025,yai,"Milk pail, churn"
1026,ʼar zaang,"A large cylindrical pot made of
copper used for brewing ’ara"
1027,khah tauh,A round metal pot with two short handles placed on top of the ʼarzaang to help the brewing process of the ’ara
1028,nang kho,A small pot placed inside ʼarzaang to collect ’a ra during the brewing process
1029,rae bak taang,A long strip of cloth fastened around the joint of khah tau and ‟arzaang to help the brewing process of the ‟ara
1030,ʼar zaang chu daang,A long strip of cloth fastened around the joint of khah tau and ‟arzaang to help the brewing process of the ‟ara
1031,ti mee,Lime container
1032,wa rong drom,"A wooden box with a horn-like curved structure at the front-edge of the box lid, usually used for storing
grains"
1033,noi shu,"Foil, tinfoil, silver paper"
1034,phrok pah,Bamboo basket
1035,shing phrok pah,Bambook basket with smaller holes
1036,soi phrok pah,"Bamboo basket with larger holes,
used to carry oak leaves"
1037,ruin di,Head strap of a bamboo basket
1038,phak dhar,Shoulder strap of bamboo basket
1039,len tsong,Fatwood
1040,braang phak sam,Broom
1041,phaah sa,Sack
1042,laam shu,Small measuring bowl
1043,khau,"A measuring bowl, larger than laam shu, , and one khaû is about four laam shu"
1044,tso chän,Head of the family
1045,za tshaang,Family
1046,gaat pu,Old man
1047,gaat muu,Old lady
1048,baam naang,Old lady
1049,gaat pu baam naang,Senior citizen
1050,mey mey, Grandfather or Old-aged man
1051,pe pe,Great grandfather
1052,ʼa bee,"Grandmother 
or Old-aged woman"
1053,ʼu bee,Great grandmother
1054,du bee,Great great grandmother
1055,pee pee,Great great great grandmother
1056,ʼa pa,Father
1057,ʼa ma,Mother
1058,waak saa,Children
1059,püen cha,"sibling 
or Parallel cousin"
1060,zhhuung zi,Sibling
1061,zhung,"While elder sister refers to
her younger brother"
1062,zi,"While elder brother refers to
her younger sister"
1063,naang ka so no,Relatives
1064,nang tshäin,Relatives
1065,phaah tshan,Relatives
1066,nee waa thuung ma,Relatives
1067,za,Son
1068,za min,Daughter
1069,ʼa na,"Elder sister
 or The elder woman"
1070,ʼa tah,"Elder brother 
or The elder man"
1071,ko tah,Younger brother or Younger man
1072,ʼau sen,Younger sister
1073,ʼau sa,Younger woman
1074,ʼau chee,Younger sister
1075,bo ning,Younger brother of a male sibling
1076,na ning,The younger sister of a female sibling
1077,thuung si,Youngest of the siblings
1078,chee lu,Eldest of the siblings
1079,ʼa jaang,"Maternal uncle 
or Father-in-law or Husband of paternal aunt"
1080,ʼa ni,"Paternal aunt 
or Mother-in-law 
or Wife of maternal uncle"
1081,ʼa ku,"Younger paternal uncle, 
Stepfather, 
Step husband, 
Husband of younger maternal aunt"
1082,ʼa zem,"Mother‟s younger sister, 
Stepmother, 
Stepwife, Wife of younger paternal uncle"
1083,ʼaum chee,"Elder maternal aunt, Wife of elder paternal brother"
1084,ʼaup chee,"Elder paternal brother, Husband of elder maternal sister"
1085,phaah sab,"Adopted father, foster father"
1086,ma sab,"Adopted mother, foster
mother"
1087,buu sab,Adopted child
1088,waak sa ming baa,"Baby, infant"
1089,ʼnyen,Spouse
1090,pheuak sa,Husband
1091,meuak sa,Wife
1092,ʼnai tshang,Wife
1093,ʼnai mo,Wife
1094,chee min,Daughter-in-law
1095,mak pa,Son-in-law
1096,tsô,Grandson
1097,tsau,Nephew
1098,tso min,Granddaughter
1099,tsau mo,Niece
1100,khot kin,"Brother-in-law, Son of maternal uncle, Son of paternal aunt"
1101,seer gah khot kin,"Immediate male cross cousin, a son of one‟s
mother‟s brother or father‟s sister"
1102,ma thaang,"Sister-in-law, Daughter of maternal uncle, Daughter of paternal aunt"
1103,seer gah ma thaang,"Immediate female cross cousin, a daughter of one's mother's brother or father's
sister"
1104,ʼmâ ro,"The husbands of sister
siblings"
1105,doh ji pin,Spiritual siblings
1106,ʼa paah gah so no,Paternal relatives
1107,ʼa pa ga ne wa thuung ma,Paternal relatives
1108,ʼa maa gaah so no,Maternal relatives
1109,ʼa ma ga ne wa thuung ma,Maternal relatives
1110,ʼaup sa,Father and children
1111,ʼaum za,Mother and children
1112,mo chaang,Spinster
1113,pho chaang,Bachelor
1114,pho chang mo chang,Childless couple
1115,sey maa,Twins
1116,kok ti,Bastard
1117,mo ren mo,Widow
1118,nong min,"Neighbour, next door"
1119,chim tshaang,"Neighbour, next door"
1120,chuung ʼnen,Child marriage
1121,sing za,Orphan
1122,haang,What?
1123,haang ya,What?
1124,haang ʼa ni,Why?
1125,haang ʼa ni ya,Why?
1126,ha ni,Why?
1127,ha ka ʼa ni,Why?
1128,ha ka ʼa ni ya,Why? or What has happened?
1129,ʼo ga,Where?
1130,ʼo lo ka,Where?
1131,haang ten,How?
1132,ʼe bee,Who?
1133,haang thuur,Which?
1134,haang da buu,Which?
1135,haang thuur khai pu,Which one?
1136,ʼe bee khai,Who?
1137,ʼe bee khai pu,Who?
1138,ʼe bee ga,Whose?
1139,ʼe bee ghee,Who?
1140,ghee ti ya,When?
1141,ʼe ti ya,When?
1142,ha laa ya,When?
1143,ha laa ,When?
1144,ghee laa ʼmo,Is it?
1145,maang ghee ʼmo,Isn‟t it?
1146,khaang ji la,Ant
1147,mee zu ma,Bee
1148,wa go ma,Rock bee
1149,khi toh kaa,Dung beetle
1150,phen phen ma,Butterfly
1151,chiw buu,Centipede
1152,zu lu,Cockroach
1153,young buu,Housefly
1154,khi young buu,Blow fly
1155,sha young buu,Flesh fly
1156,ʼnam dru buu,Dragonfly
1157,zhing buu,Earthworm
1158,tsing buu,Firefly
1159,nab taang,Flea
1160,shing,Louse
1161,jiik taang,Nit
1162,tek tek pa,Grasshopper
1163,pat pa,Leech
1164,zaang pat pa,Leech
1165,sa pat pa,Leech
1166,dung dung ma,Lizard
1167,trong chuung,Mosquito
1168,yong dhah mah,Spider
1169,‟yang da ma,Mantis
1170,luung buu,Maggot
1171,zaam ba,Sand fly
1172,keng ma,Tick
1173,shaang shi keng ma,Tick
1174,raang bhuu,Roundworm
1175,zhu ghee,Hornet
1176,kham baak taang,Grub
1177,ley baa,Black leech or Bedbug
1178,buu suum,Black spiky caterpillar
1179,ʼa ku dum ba,Brown stink bug larvae
1180,zeng zeng ma,Beetle
1181,wa rong ma,Wasp
1182,ra di buu,Termite
1183,cha la,"Goods, material"
1184,phai ga cha la,Household goods
1185,kang thri,Chair
1186,pee ra,Stool
1187,dhee wan,Divan
1188,dongh taan,A small low table
1189,cha gaam,Showcase
1190,mis kip,Meatsafe
1191,pa laang,Bed
1192,pa laang thok nik tsing pa,Bunk bed
1193,wa drom,"Wardrobe, closet, cupboard"
1194,me long,Mirror
1195,cho drom,Table
1196,cha drom,Trunk
1197,daang ka,A cloth hanging bar
1198,zar shing,Hanger
1199,mäy cha,Blanket
1200,mai cha,Blanket
1201,thaah nga,Blanket
1202,yok sam,Blanket
1203,go dre par da,Curtain
1204,mäy cha shuum,Quilt cover
1205,taan,Mattress
1206,khum da ring,Pillow
1207,khum da ring shuum,Pillowcase
1208,khaip,Tablecloth
1209,ʼar chu,Towel
1210,ʼar chu to rä,Towel
1211,dro zo ma,Dagger
1212,pa taang,Sword
1213,gaem si,Scissors
1214,thri mee toh,Battery
1215,thri mee,Torch
1216,nin du,Umbrella
1217,ʼur ti,Iron
1218,wa,Bathtub
1219,ka li sha raang,"Tap, faucet"
1220,ri ka li,Water tap
1221,pos,Water tap
1222,sa ti,Lamp
1223,laa wang,Oil lamp
1224,ga sa,"A stand to keep fire, lamp"
1225,ʼnak si,Ink
1226,dhah thoh,Calendar
1227,shu guu,Paper
1228,li phah,Envelop
1229,thik shing,Scale
1230,di ku,"Ink-pad, stamp pad"
1231,pe cha,Book
1232,ki taap,Book
1233,dey mee,Lock
1234,dey mee zu,Key
1235,ga bur,Camphor
1236,kaa puur,Naphthalene ball
1237,khaap,Sewing needle
1238,khaap tak pa,Safety pin
1239,tak kham,Sewing needle which is bigger in size
1240,par,Photograph
1241,par shing,"Woodblock, frame, block"
1242,thak pa,String
1243,doh chee,String
1244,rong shong,Rope
1245,juk thaa,Cow hitch
1246,phuur,Post
1247,go thaa,Cow hitch
1248,bir goong,Hobble
1249,ti ru pa ku,"Wallet, purse"
1250,mom ba ti,Candle
1251,rang,Paint
1252,mee,Electricity
1253,sa ti si,Kerosene
1254,mee tre,Match
1255,nam ba ring,Flute
1256,pee pee ma,"A flute, smaller in size with the blow hole on the tip"
1257,thaang namba ring,"A flute, larger in size with the
blow hole on the side"
1258,jis kang,"Traditional mouth organ made
of bamboo or copper"
1259,be jil bol,Light bulb
1260,tring,Tin
1261,peer,Steel
1262,guur,Tent
1263,khaa ri,Soap
1264,ʼlaang lep,Soap
1265,so tru,Toothbrush
1266,so ʼmän,Toothpaste
1267,trak chu,"Lacquer, stain, varnish"
1268,sha jeak sam,Toothpick
1269,jaang shing,Binoculars
1270,baam shu guu,Plastic
1271,chu shu,Plastic
1272,nga kut paang,Fishing line
1273,nga shong kut paang,Fishing line
1274,to maang,Standing stick
1275,täh cha,"Lash, whip"
1276,täy thaa,"Lash, stick"
1277,lak pa,Skin rug
1278,per kuut paang,Iron wire
1279,zaang kuut paang,Copper wire
1280,taan khaep,Bedsheet
1281,draam si taân,Intricate patterned rug/carpet
1282,pu tru,Velvet
1283,tsuk thru,Thick wollen blanket
1284,thri khaep,"Throne cover, seat cover"
1285,geap taan,Foam mattress
1286,gaap cha,Saddlery
1287,ga,Saddle
1288,to long ma,"Cowbell, dog-bell"
1289,pear dah ni,Rat trap
1290,phü chuur ba tsuung sam,Rat trap
1291,guung buu,Roof
1292,mung,Roof
1293,kaa chuung,"Jamb, a vertical post at the side of a
window"
1294,kaa chen,"Column, pillar"
1295,kaa wa,"Column, pillar"
1296,kaa dän,"Plinth, pillar support, pillar base"
1297,kün ga ra wa,Smaller railings on the windows of an alter
1298,ko,Door
1299,baang ko,Half door
1300,ko chuung,Window
1301,pa chuung,Window
1302,go dre,Window
1303,koi baak taang,Wooden or stone-made doormat
1304,ko be taang,Wooden or stone-made doormat
1305,koi taang,Doorsill
1306,thoke,Storey
1307,theam paang,Wooden floor
1308,paang,Plank
1309,paang lem,Plank
1310,ko sar,Latch
1311,kaap cha,Hinge
1312,chaat,Partition
1313,thray,Balcony
1314,sak pa,Wattle and daub
1315,chak sho,Iron sheet
1316,sa,Soil
1317,zhing,Mud
1318,bey sa,Sand
1319,ʼluung,Stone
1320,kang goo luung,Shingle
1321,jaang,Wall
1322,tsik pa,Stone-stacked wall
1323,zur luung,Corner stone blocks of a house with sharp edges
1324,gey trey luung,"Gravel, grit"
1325,doh lep,Slab
1326,rey ngan,Ladder
1327,doh chaey,Courtyard
1328,doh ka ring,Stone steps
1329,tsu khi,Bamboo mat
1330,rey dhaang,Fence
1331,ba lep,Bamboo mat
1332,shap kor,Surrounding of the house or Wall built around the house
1333,khaa nang,"A gate made from wood poles, to prevent the cattle from entering"
1334,nang ka,Living room
1335,rap se,"One of the rooms in a traditional house, either used as guest room or alter room"
1336,neer tshang,Store
1337,thap tsang,Kitchen
1338,choi sham,"Shrine-room, altar"
1339,chap saang,"Toilet, restroom"
1340,khi saang chung,"Toilet, restroom"
1341,yap,Attic
1342,lu huung,"The ground floor, used as the shed of cattle"
1343,na sa,"Disease, sickness"
1344,thri pah na sa,Jaundice
1345,draan ma ma ka ri ley ga,To faint
1346,shin dey läy,To faint
1347,na zu,Pain
1348,ya ma,Sinusitis
1349,shai na sa,Epilepsy
1350,faah näy,Epilepsy
1351,sat pah,Malaria
1352,khur chaang pu,Chill
1353,drö bar,Fever
1354,sa drim,"Flu, cough and cold"
1355,za nang so phu,Rashes
1356,so phu daa za,Rashes
1357,drum nä,Smallpox
1358,chu draang,"Cold rashes, winter rashes"
1359,go wa lus pu,Goosebumps
1360,ʼma chum,Measles
1361,ming shoke pey,Eyesore
1362,no ley,Sprain
1363,tsîk thruke pey,Sprain
1364,fot pey,Fracture
1365,foong mey,Swell
1366,phros pey,Vomit
1367,phros pe laa ma,To feel nauseated
1368,ming yu mey,To feel dizzy
1369,nga mey,"Ache, pain"
1370,shoke pe,Burning sensation
1371,so phey,Burn
1372,khuu suung,Boil
1373,khom khuu suung,Boil
1374,phroke pa khuu suung,Boil
1375,go wa khuu suung,Sty
1376,mras,Pimple
1377,maang,Melasma
1378,muke tu ma,Freckle
1379,shi nang shing,Mole
1380,ʼme wa,Mole
1381,saan,Birthmark
1382,rho tok pa,Dry white patches on the face
1383,dor,Goitre
1384,sho rey,Cleft
1385,shor po,Cleft lip (male)
1386,shor mo,Cleft lip (female)
1387,draang wa,gonorrhoea or urinary tract infection
1388,che raang na sa,Urinary tract infection
1389,khee thrüi bey,Diarrhoea
1390,khi kak pe,Constipation
1391,khi nyok taang,Piles
1392,chee ni na sa,Diabetes
1393,khaa sa kang nä,Foot and mouth disease
1394,thing mu lum na sa,Heart disease
1395,shaang gur,Wart
1396,khat,Wound
1397,wak sa ke ley gaah nat,Labor
1398,tsen,Push while delivering a baby
1399,ʼnat,Provoke
1400,so phu,Wound
1401,so phu kak pa,Big wound
1402,shur bey,To scald
1403,shong thung mey na sa,"Asthma, breathing problem"
1404,zey näy,Leprosy
1405,‟lu näy,Leprosy
1406,pra ghee,Ringworm
1407,be zhah wa,Crippled
1408,be kho ra,Bow-legged
1409,mish ma thong khan,Blind
1410,na ma thaa khan,Deaf
1411,yong ba,Dumb (male)
1412,yong min,Dumb (female)
1413,nos pa ling,Mad
1414,nos pan,Mad
1415,wak sa ma lek pa ʼa ni gey mey,Miscarriage
1416,wak sa sher ni dey ley,Miscarriage
1417,wak sa sher gey mey ga,Abortion
1418,kham,Injection
1419,toh kham,Appetite
1420,za kham,Appetite
1421,kham ma ka ri ley,To lose appetite
1422,ming ga thoh gong ma,Cataract
1423,tshung phuung mey,Cough
1424,bis,Sneeze
1425,mik thrüi,Optical illusion
1426,chik thoh phey,Hiccup
1427,nang yek pey,Choke
1428,maer di,Scar
1429,khaang neng neng ʼa ley,Shiver
1430,ming cha lu,Squint
1431,khey guu,Strength
1432,haam,Yawn
1433,sha nga mey,Toothache
1434,ka raang me,Paralysis
1435,be gaah daang si ley,To tingle
1436,thre,Stretcher
1437,dhäy kor,"A game resembling shot put, played with a pair of spherical flat stones that are hurled at two targets that
are fixed in the ground."
1438,poong doh,Shot put
1439,khuur,Dart
1440,ta nor,"A game played with pebbles
representing tiger and cow"
1441,sok so ma,Javelin
1442,jeek duum,"A game resembling javelin, shorter
than javelin and with both ends sharpened"
1443,me,Archery
1444,khir khir pa,Wrestling
1445,go laa po kho long,Cock fight
1446,gur tsik tsik,Cock fight
1447,toh kaa kho ley,Bullfight
1448,chap cha ma,A game played using five pebbles
1449,ku ku,Hide and seek
1450,chun te men te,Swing
1451,paang kar laang kar,See-saw
1452,shu tu tu,Slide
1453,khon khon ma,Chase game
1454,taas,"Card, playing card"
1455,yam,Dice
1456,ur di,Sling
1457,sha ma,"Hitting a palm of one hand by the middle finger or index finger  of the other hand, usually done as a
gesture of punishment for losing a game."
1458,ta juk,Horse race
1459,li,Bow
1460,me,Arrow
1461,dro,Feather at the back end of an arrow
1462,li shong,Bow-string
1463,tong,Notch
1464,paang,"Colorful strings wrapped around in
between the feather and the notch part of arrow"
1465,me pa laang,Quiver
1466,me so räy,Quiver
1467,so räy pa laang,Quiver
1468,bâ,Target
1469,lo maang,Arrowhead
1470,lom phaang,Arrowhead
1471,pa tre,Armguard
1472,zo shuup,Finger  guard
1473,hop se,"Branches of trees installed behind
and on the sides of the target"
1474,ba ung,Archery ground
1475,buke tse,Catapult
1476,da cha,"Barrel part of the dart, either made from wood or metal"
1477,thung kaak pa,Docynia indica
1478,thung chuur pu,Docynia indica
1479,khey,Walnut
1480,khey se,Walnut
1481,laa saa khey,Walnut with softer shell
1482,luung khey,Walnut with hard shell
1483,kho min,Sugarcane
1484,go li,Avocado
1485,drem ʼling se,Jackfruit
1486,jaa naa kong tse,Pineapple
1487,chong ma se,Fig
1488,chor gyen se,Gooseberry
1489,ti ti ri,Tamarind
1490,ʼli tong,Pear
1491,doh ma,"Betelnut, areca nut"
1492,seer gong,Strawberry
1493,sa gong,Strawberry
1494,zu shing seer gong,Salmonberry
1495,beap se,Guava
1496,poi tse,Kousa dogwood fruit
1497,ba min pa se,Kousa dogwood fruit
1498,mam phung,Cucumber
1499,sa lem,Promegranate
1500,thaa lem,Promegranate
1501,sa lu,Orange
1502,lai si,Banana
1503,li chee,Litchi
1504,leng se,Peach
1505,ʼa pa guu toh,Watermelon
1506,ʼan dre,Persimmon
1507,ʼam chu ku li,Mango
1508,ʼaum se,Mango
1509,ʼaum dong pa se,Wild persimmon
1510,ʼeh pal,Apple
1511,sa si se,Hazelnut
1512,zaar gong se,Passion fruit
1513,thrung chen se,Choerospondiasaxillaris
1514,plam,Plum
1515,tsu si se,"Yangmei, Myrica rubra"
1516,"sha khong
ma shing se","Salmonberry, Rubus spectabilis"
1517,boke pee,Flour
1518,thog,Crop   or Cereal
1519,ʼa shum,"Maize, corn"
1520,phe mong,Barley
1521,ba ra,Paddy
1522,boong,Wheat
1523,khaa laa,Buckwheat
1524,mem ba,Mustard
1525,kong ku,Millet
1526,li,Seed
1527,ʼa shum boke pee,Maize flour
1528,khaa laa boke pee,Buckwheat flour
1529,kong ku boke pee,Millet flour
1530,sung sung boke pee,Roasted wheat flour
1531,bong boke pee,Roasted wheat flour
1532,kaap chee boke pee,Roasted wheat flour
1533,so lo boke pee,Chili powder
1534,yong ka boke pee,Turmeric powder
1535,ʼnam,Perilla seed
1536,phak pa ʼnam,Marijuana
1537,thoh,Cooked rice
1538,e chuum,Local rice
1539,jaa chuum,Imported rice
1540,chaang pu,Breakfast
1541,nab kaa toh,Lunch
1542,toeb cha,Meal
1543,yey naang, A meal eaten between breakfast and lunch or Packed lunch
1544,ne ri gah toh,Dinner
1545,khuu,Rice
1546,khaa raang,"Grits, crushed corn to be cooked
as food"
1547,mom,Curry
1548,toh jâa,Ration
1549,jas,Ration
1550,sha,Meat
1551,go thaam,Egg
1552,wa ga sha,Beef
1553,phak pa sha,Pork
1554,go wa sha,Chicken
1555,ra ba sha,Mutton
1556,shi sha sha,"Lamb, mutton"
1557,ʼyak sha,Yak
1558,nga,Fish
1559,nga saang muu,Dry fish
1560,si kaam,Dry pork
1561,sha saang muu,Dry beef
1562,mong naang,"The skin of some animals that is
cooked and eaten"
1563,kaang chuung,"The knuckles of some animals, especially pig or cattle, that is
cooked and eaten"
1564,lo wa,"The lungs of some animals that
is cooked and eaten"
1565,chin pa,The liver of some animals that is cooked and eaten
1566,fo laang,"The tripe of some animals that is
cooked and eaten"
1567,ley,"Sausage, the intestines of cattle
or pig that is cooked and eaten"
1568,thing muu luum,"The heart of some animals that
is cooked and eaten"
1569,phak pa sha raang,"The meat from the head part of a
pig that is cooked and eaten"
1570,sik pa khaang,The ribs of some animals that is cooked and eaten
1571,khaang,"The bones, or the meat with the bones, of some animals that is
cooked by boiling and often taken as soup or as curry"
1572,yaan,The fats from the bodies of some animals that is used for cooking
1573,phuun,"The boneless meat of some
animals that is cooked and eaten"
1574,jaa ju,"A mild vegetable curry often
served with rice"
1575,gey gey wa,"A curry with more meat
ingredient"
1576,ho ghee,Salad
1577,thuk pa,"A popular Bhutanese food in the form of a thick soup prepared commonly by cooking rice intô
it or by cooking dough intô it"
1578,ba thuk pa,Porridge made from dough
1579,yom ri,Sauce
1580,‟e ma da si,"A  popular Bhutanese curry with
thick gravy made of chilli and cheese which can be either extra
hot, hot, or mild"
1581,so lo cha min,Chilli curry
1582,ʼe zäy,A spicy chili pickle
1583,braang jen,Flat noodles
1584,pu taangh,"A home-made noodle made
from buckwheat"
1585,zhey cha kaang ma,"Side dish, usually made of fried
Cheese and egg or simply fried egg"
1586,ʼma ru,Bone curry
1587,go thaam kap taangh,Omelette
1588,go thaam bor pah gah,Egg scramble
1589,go thaam zong mah gah,Boiled egg
1590,muu lai kaam taang,Soup less radish dish with or without meat items
1591,pâ,"Either pork, beef, pork, fish"
1592,wa si,Butter
1593,mo si,Butter
1594,tso toh,Butter  or Cooking oil
1595,ʼa shuum mom naang,Popcorn
1596,ri,Water
1597,ri sa lu,Hot water
1598,ri chaang pu,Cold water
1599,za chu,Drinking water
1600,jaa thaang,Black tea with salt
1601,jaa sam,Snacks taken with tea
1602,jaa ri,"Tea leaf, tea ball"
1603,phee ka,Black tea with sugar
1604,‟nga jaa,Tea
1605,su jaa,A  churned butter tea
1606,ʼo jaa,Milk tea
1607,zhhuu,Alcohol
1608,nu,Milk
1609,tar wa,Skimmed milk
1610,tar chu phruum,Curd cheese
1611,tar chu,Whey
1612,phaam,Yeast
1613,baam ru tree,Bread
1614,seer nu,Colostrum
1615,nu boke pee,Milk powder
1616,me zu ma zhing,Honey
1617,chuur,Cheese
1618,phruum,Cheese
1619,chuur zhiit pa,Preserved cheese
1620,muu naang,Roasted rice eaten as snacks
1621,teng ma,Flattened corn
1622,ba ra teng ma,Flattened roasted rice
1623,pho phor wa,Puffed roasted rice
1624,ba daam,"Ground nut, peanut"
1625,bui to,Soda
1626,drup dru ma,Cartilage
1627,chaang pa,Nibble
1628,toh khaa,Feast
1629,do cur,Sour crystal-like stône
1630,ghee,Sichuan pepper
1631,song ghee,"Sichuan pepper, slightly bigger in size with stronger taste"
1632,khai ghee,"Sichuan pepper, smaller in size with mild taste"
1633,päy ma mey toh,Lotus
1634,me reng ma mey toh,Chrysanthemum
1635,se shu mey toh,Marigold
1636,käy zaang me toh,Dahlia
1637,joke taang mey toh,Dahlia
1638,shey lem pah,"Rumex nepalensis, ornamental
rhubarb"
1639,bem lak pa,"Rumex nepalensis,
Ornamental Rhubarb"
1640,leng shing mey toh,Peach blossom
1641,guen tsung mey toh,Fagopyrum esculentum-
1642,daang duung mey toh,Anaphalis busua
1643,ni ma mey toh,Sun flower
1644,zom do gor wa,Cirsium falconeri.
1645,gong ra,Geum elatum.
1646,seer gong,Fragaria nubicola
1647,kaap tong gong,Rubus idaeus
1648,sui za gong,Rubus biflorus.
1649,thok saam pa,Paris polyphylla
1650,ru ghee naang ʼa shum,Arisaema tortuosum
1651,buu chee la ʼa shum,Arisaema tortuosum
1652,zhhuu daang shing mey toh,Rhododendron
1653,tak shing mey toh,Rhododendron grande
1654,shak shing ma,Gaultheria semi-infera
1655,zaang ru jaa zu,Girardinia diversifofia
1656,khui sa ga,Hedychium spicatum
1657,chang mom naang,"Orchid (Cymbidium
erythraeum)"
1658,ʼo lo choh toh,Cymbidium erythraeum
1659,kar jan mey toh,Cosmos bipinnatus
1660,khi row ba,Siegesbeckia orientalis
1661,luus pu,Body
1662,tsham,Hair
1663,chuu chhur wa,The crown
1664,thot pah,Skull
1665,sep se pa,Temple
1666,sem se ba,Temple
1667,sha raang,Head
1668,pa tong bar,The centre of forehead
1669,nop no pa,Fontanelle
1670,pa tong,Forehead
1671,ming,Eye
1672,ming khuu,Eyeball
1673,ming khuu luung,Eyeball
1674,ming zim,Eyelash
1675,ming suum,Eyebrow
1676,Zu,Face
1677,goom,Face
1678,na guung,Nose
1679,na guung gang,Nostril
1680,no wang,Mouth
1681,Na,Ear
1682,che wa,Canine
1683,Sha,Teeth
1684,goop ka sha,Incisor
1685,ga ha sha,Upper teeth
1686,doha sha,Lower teeth
1687,sha bre ma,"Molar, wisdom tooth"
1688,gur ka sha,"Molar, wisdom tooth"
1689,shan da ring,Gum
1690,ley,Tongue or Intestine
1691,tongh tongh se,Tonsil epiglottis
1692,ʼa baak taang,Upper palate
1693,wa gom,Upper palate
1694,lep chee,Lip
1695,nak pa lep chee,Upper lip
1696,ga ha lep chee,Upper lip
1697,doh ha lep chee,Lower lip
1698,roo zu,Chin
1699,jaau,Moustache
1700,jan dra,Beard
1701,nai za,Cheek
1702,nai za pok pa,Cheekbone
1703,khur khaang,Cheekbone
1704,zhim te,Dimple
1705,hoke chee,Double chin
1706,nang zing,Nape
1707,nang da ring,Nape
1708,nang,Neck
1709,tong tong,Throat
1710,khai dor,Adam‟s apple
1711,ʼor tong,Adam‟s apple
1712,phaang mah,Shoulder
1713,tar khaang,Collarbone
1714,ga daang,Hand
1715,ga daang pho laang,Arm
1716,ning zing,Elbow
1717,ga daang ung,Palm
1718,ga daang thung,Fingertip
1719,ga daang pri maang,Fingers
1720,thea ba,Thumb
1721,si naang,Nail
1722,ki che naang,Armpit
1723,braang tong,Chest
1724,tsik pa khaang,Rib
1725,pho laang kaap ka ma,Ribcage
1726,tsing khaang,Back
1727,tsing khaang duung shing,Backbone
1728,Nu,Breast
1729,nu se,Nipple
1730,pho laang,"Stomach, belly"
1731,phu chee,"Umbilical cord, navy string"
1732,boom che rang,Bladder
1733,sha che nang,Waist
1734,khin chuung,Buttock
1735,kheen thongh boke pah,Buttock
1736,khi gaang,Anus
1737,shaam pe khaang,"Vestigial bone, tailbone"
1738,khin chung ruup chee,Buttock line
1739,long,Penis
1740,chu chu,Penis
1741,long sha raang,"Glans, head of the penis"
1742,chu chu sha raang,"Glans, head of the penis"
1743,khongh se,Testicle
1744,khong  phea  sa,Scrotum
1745,long khop taang,Foreskin
1746,long soom,Pubic hair (male)
1747,Thuu,Vagina
1748,thuu soom,Pubic hair (female)
1749,thuus li be,Clitoris
1750,loom,Thigh
1751,tongh zing,Knee
1752,goom zing,Knee
1753,goom zing ku luke chee,"Patella, kneecap"
1754,chee lik pa khaang,"Patella, kneecap"
1755,draam sa,Back of the knee
1756,tongh zingh sik,Knee joints
1757,be tingh,Leg
1758,be tingh sik,Leg joints
1759,be pho laang,Calf
1760,ʼlaang kaang,"Shin, shinbone"
1761,be ko loke pah,Ankle
1762,be tingh baap,Instep
1763,be tingh pri maang,Toes
1764,be ting pah,Heel
1765,be tingh phraang,Arch
1766,be tingh sa,Achilles tendon
1767,khaang,Bone
1768,sik,Joints
1769,zhi,Blood
1770,sa,Vein
1771,nyok taang sa,Brain‟s nerve
1772,nyok taang,Brain
1773,kang,Bone marrow
1774,kang si,Bone marrow
1775,naang thrö,Viscera
1776,be ma,Kidney
1777,thing lum,Heart
1778,lo wa,Lung
1779,chin pa,Liver
1780,be so pa,Pancreas
1781,wak sa shum,Womb
1782,mong nang,Skin
1783,Pu,Fur
1784,ba pu,Hair
1785,za la pu,"Facial hair, hair"
1786,phe sham pin,"Rat-tail, a thin tail of hair growing at the back of the head"
1787,shong,Breath
1788,phe,Fart
1789,ming ri,Tear
1790,ming khee,"Rheum, the stuff that forms at the corner of the eye."
1791,na khee,Ear wax
1792,ni naang khee,Nasal mucus
1793,che raang,Urine
1794,khee,"Feces, stool"
1795,cheer ma,Blister
1796,ne naang,Mucus
1797,shaang gur,Wart
1798,jo ri,"Sperm, semen"
1799,shup taang,Sweat
1800,nie,Pus
1801,thop taang,Spit
1802,thri pah,"Bile, gall"
1803,har khak taang,"Phlegm, sputum"
1804,chu seer,Serum
1805,nyer ma,Wrinkle
1806,nyer min,Wrinkle
1807,guu ri,Dirt
1808,se kong,Dandruff
1809,seng,Dandruff
1810,ba sep,Dandruff
1811,trep trema,Sandal made from an animal skin
1812,thaah ra,A horizontal striped kira with white as the dominate color
1813,sa ri,"Men‟s scarf or Carrier-wrap or A woven scarf for women, usually having variegated designs, worn by Bhutanese women over the shoulders on formal occasions"
1814,chu dhaang,"A kind of hand-woven sash fastened
around the waist"
1815,me chu dhaang,A kind of hand-woven sash woven from wool
1816,ne chu dhaang,"A traditional belt for women with patterns on yellow background, which is folded and then fastened"
1817,kheen jaa,Shirt
1818,chu pa,"The name of a clothing outfit worn by
Bhutanese men"
1819,zaang goe,"Glad rags, a dress for special occasion"
1820,lai go,Clothes worn at work
1821,khaa muung duke pin,Rags
1822,tong la,"Rags, tatters"
1823,teh guh, Outer long-sleeve blouse worn by Bhutanese women and folded up the sleeves with the inner blouse or Inner white shirt worn by men from inside the chupa and folded up the sleeves
1824,gheo chen teh guh,Brocade-made outer blouse worn by Bhutanese women
1825,on ju,An inner long-sleeved blouse worn inside the kira and tögu by Bhutanese women
1826,dru si on ju,A silk-made inner blouse worn by Bhutanese women
1827,pa ga,"Women‟s gown, usually worn in olden days"
1828,cing dom,"Trousers, pants"
1829,dor ma,"Trousers, pants"
1830,pon sa,"Trousers, pants"
1831,char kaap,Plastic sheet used as a protection against rain
1832,chu lhaam,Gumboot
1833,räy lhaam,Canvas
1834,tso lhaam,A traditional boot with intricate patterns on it
1835,tö si,Upper garment of monks
1836,shaam thaa,Lower robe of monks
1837,chö go,"Dharma robe, religious garment"
1838,chaam go,Outfits for mask dance
1839,nin dhuh,Umbrella
1840,shap si,Button
1841,dhongh khap,Apron
1842,‟nam bur,"Serge, a heavy woolen cloth"
1843,ʼma go,Military dress
1844,pe sar,New design
1845,chuu daang baak taang,"Wrapper, lower garment"
1846,kish thaa ra,"A kira, usually with a white background, with intricate patterns and designs"
1847,jaa dre ma,A striped cloth with rainbow-colored patterns
1848,paang si,"A white cloth, usually marked with a
pattern of black and red stripes"
1849,ʼma thaa,"A variegated red cloth, a plaid weave
having a predominantly red or maroon color with green, yellow, blue and white
patterns in stripe"
1850,ʼmän si ʼmaa thaa,"A cloth with  yellow warp bands, having sophisticated designs, on plain red ground"
1851,ʼai ka puur,"A cloth with alternate yellow, white red and green warp bands having sophisticated
designs"
1852,lung seer maa,"A cloth with alternate warp bands of red
and green colors, having sophisticated designs, on plain weave ground"
1853,tar cae ma,"A plain cloth woven from wool usually of three colors; red, black and purple."
1854,se thaa,"A variegated yellow cloth having a
predominantly yellow, orange, or red color with other colors present"
1855,hoer,A warp-patterned cloth
1856,be saam pah,"A type of warp-patterned cloth for which
only two sticks are used to form a pattern"
1857,be nga pah,"A type of warp-patterned cloth for which
four sticks are used to form a pattern"
1858,be zum pah,A type of warp-patterned cloth for which six sticks are used to form a pattern
1859,be guh pah,"A type of warp-patterned cloth for which
eight sticks are used to form a pattern"
1860,thik thaa,"A cloth with alternate warp bands of white
and yellow colors, with patterns on it"
1861,ho thaa,"A plain woven cloth usually  with pink,
blue and red colors"
1862,men thaa,"A cloth with narrow white warp bands on
black ground, worn solely by women"
1863,ʼno shaam,"A cloth, usually with a black or blue
background, for women with intricate patterns and designs"
1864,shing lu,"A name of cloth with tree leaves-like
intricate patterns and designs"
1865,ʼa daang ʼma thaa,A striped cloth with regular patterns having predominantly red or yellow color with other colors present
1866,ʼa da ra chu,Women‟s scarf having predominantly red background with stripe patterns of other colors
1867,‟lung ghee,"Wrapper, lower garment"
1868,ʼma yo,"Petticoat, underskirt"
1869,moo khuu ling,"Cap, hat"
1870,toh pah ring,"Cap, hat"
1871,tsar moo khuu ling,Bamboo hat
1872,ʼom so moo khuu ling,"Bobble hat, knitted hat"
1873,jo lah,Woven sling-bag
1874,ʼur ka,Bag made from animal skin
1875,sit puu jo lah,Rucksack made from yak fur
1876,thri ku,Traditional handbag
1877,da nga,A sack with drawstring
1878,ya thaa,A coarse woolen cloth with different colors and designs
1879,la jan,"A pair of white cuffs neatly folded over the
sleeves of chupa"
1880,lak shum,Gloves
1881,khaa räy,"Mouth cover, serviette"
1882,juu tah,Shoes
1883,be dhar,Shoes made from leather and clothes
1884,ni naang phak sam,Handkerchief
1885,ni naang baak taang,Handkerchief
1886,nu shoom,"Brassiere, bra"
1887,ʼom su,"Sock, stocking"
1888,wak sa baak taang,Cloth diaper
1889,ka ning,Cloth diaper
1890,pho go,Man‟s dress
1891,mo go,Woman‟s dress
1892,gong,Collar
1893,phui duum,Sleeve
1894,phes,Right side of the cloth
1895,nang,Wrong side of the cloth
1896,sô,Edge of a cloth
1897,khaa naang,"Pocket, a pouch formed around the
stomach when Bhutanese people wear traditional dress"
1898,nang shap,Lining
1899,khaa sha,"Canvas, thin cloth"
1900,jaa chhur,"Hem, flounce, binding"
1901,lah dree pa,Painter
1902,tson phe khan,Painter
1903,gar wa,Blacksmith
1904,trü ku,"Goldsmith, silversmith"
1905,jing zo pa,Sculptor
1906,zo go,Carpenter
1907,ʼlung zô,Mason
1908,tsip zo,Mason
1909,pa traa kot khan,Carver
1910,kö neer,Caretaker
1911,khem po,Abbot
1912,ʼa saa ra,Clown
1913,me la gaat pu,Clown
1914,se pon mo,Lead dancer
1915,cham pon,Lead mask dancer
1916,cham ju,Last mask dancer
1917,nang jak khan,Singer
1918,zhap thraah pa,Dancer
1919,ma ni pa,Dancer
1920,ma ni bru ma,Dancer
1921,me nak pa,Layman
1922,jig ten pa,Layman
1923,jig ten me nak pa,Layman
1924,ga pu,"Headman, block leader"
1925,druung yi,Clerk
1926,ʼmaang me,Community representative
1927,sok pa,Head of sub-block or Party
1928,chu pon,Village messenger
1929,pir pon,Village messenger
1930,sor gan,Village messenger
1931,‟me ser,"People, public"
1932,nga rok pa,Fisherman
1933,nga tsung khan,Fisherman
1934,sha rok pa,Hunter
1935,sha khon khan,Hunter
1936,ʼnae kor pa,Pilgrim
1937,wa di pa,Cowboy
1938,kur tah di pa,"Horseman, ostler"
1939,shi sha di pa,Shepherd
1940,ra ba di pa,Goatherd
1941,ʼyak di pa,Yak-herder
1942,zhung ʼyok pa,Civil servant
1943,ʼa ni mo,Nun
1944,ʼlo pon,Teacher
1945,go pon,Officer
1946,drak shu,Senior official with red scarf
1947,yon dah,"Proprietor, owner"
1948,jin dah,Sponsor
1949,khaang laah ga cho khan,Tenant
1950,phai pa,House-holder
1951,phai khuung khan,House-keeper
1952,nang ka ʼa ma,Lead lady of the family
1953,nang ka ʼa pa,Lead man of the family
1954,shi bin,Guest
1955,kuu khor,Royal family
1956,gäy sap,"Diplomat, representative of
king, viceroy, regent"
1957,chip pön,"Head groom, in charge of horse"
1958,nor pön,In charge of cattle
1959,thü me,Member
1960,tsong pa,Shopkeeper
1961,tsong pon,Shopkeeper
1962,tsong no khan,Customer
1963,tsong tsong khan,Shopkeeper
1964,gari wak khan,Driver
1965,thaap tsangh pa,Cook
1966,thaap tsang pa gong ma,Head cook
1967,ʼnyear tshang pa,Storekeeper
1968,chaang ʼnyear zam,Bar woman
1969,drön se pa,Guest attendant
1970,chaa zhhu pa,Attendant
1971,braang phak khan,Sweeper
1972,ri chet khan,Plumber
1973,ri chos khan,Plumber
1974,ri suung pa,Plumber
1975,me chos khan,Electrician
1976,drung tso,Doctor
1977,ʼmän pa,Pharmacist
1978,drong ʼmän pa,A villager who has the responsibility of providing medicines to the people in his village
1979,wak sa ghot khan,Babysitter
1980,bur zi pa,Babysitter
1981,rum kan,Helper
1982,lai pa,Worker
1983,chang ze guu ru,"Alcoholic, drunkard"
1984,ngan pa,Black magician
1985,ngan pa lang,Black magician
1986,dre,Ghost
1987,don,Ghost
1988,duke be khan,Poisoner
1989,ʼla ma,Lama
1990,ʼum zäy,Ritual master
1991,ram jam,Drummer
1992,dung thet khan,Trumpeter
1993,ka ʼling thet khan,Clarinettist
1994,chö pon,"In-charge, master of offerings"
1995,chö sham pa,"In-charge, master of offerings"
1996,chos pa,Religious practitioner
1997,tor zheeng pa,A person who makes a ritual cake
1998,trü ku,Reincarnation
1999,pau,Shaman (male)
2000,ter da,Shaman
2001,pa mo,Shaman (female)
2002,jo mo,Shaman (female)
2003,throm pon,Mayor
2004,nog min,Neighbors
2005,tso min jaai mo,Mermaid
2006,khäy lang ʼma me,Militia volunteer
2007,ʼlo pon,"Cadet officer, instructor"
2008,chu ma,Constable
2009,go pa,Military rank above constable
2010,pel jap,Military rank above gopa
2011,pel pön,Military rank above pelpön
2012,drim pön,Sergeant
2013,drim pön og ma,Junior sergeant
2014,drim pön gong ma,Senior sergeant
2015,dey daah og ma,Junior lieutenant
2016,dey daah gong ma,Senior lieutenant
2017,che pon,Captain
2018,ling pön,Major
2019,ʼmak si og ma,Lieutenant colonel
2020,ʼmak si gong ma,Colonel
2021,doh zin,Brigadier
2022,gung ʼlön og ma,Major general
2023,"gung ʼlön gong
ma",Lieutenant general
2024,lo sa pa,Translator
2025,khee ʼlaang pa,Volunteer
2026,lai jaa pa,Supervisor
2027,ʼla pön,Disbursement officer
2028,thri zin,"Chairman, chairperson"
2029,gong ma,"Senior, head"
2030,che lu,"Senior, head"
2031,gay tray,Disrobed monk
2032,drey pa,Former
2033,go dren pa,"Co-coordinator, host,
organizer, marshal"
2034,dra wa la,"Postman, messenger"
2035,draang pon,Judge
2036,thrim pon,Judge
2037,jap me,"Attorney, surety, guarantor"
2038,paang po,Witness
2039,zom paang,Witness
2040,bar ka so ngo,Negotiator
2041,gar pa,"A cadre of all-purpose attendants on high officials in
ancient Bhutan"
2042,geer drung,Personal assistant
2043,go nor drung tso,"Veterinary doctor, veterinarian"
2044,no lok pa,"Anti-national, insurgent"
2045,ʼnya gey,"Hero, he-man"
2046,taan mung got khan,"Spectator, audience"
2047,khaa muung nam khan,Weaver
2048,draang zhaa pa,"Server, waiter, waitress"
2049,dah pön,"Skilled archer, last archer"
2050,go pön,First archer
2051,"phung pu chos
khan",Undertaker
2052,ti ru,Money
2053,ti ru leng nang,Change
2054,ti ru chai zong,Change
2055,shi ki,"A unit of currency equal to 25
chetrum"
2056,che tram,"A unit of currency equal to one-
hundredth of a ngultrum"
2057,dah yang,"Silver made coin which is bigger in size. Has a silver, enough to make a cup"
2058,bai traaangh,"Silver coin, 10 baitrang has a
value that equals to one tiru"
2059,zaang traaangh,"Bronze coin. 10 zangtrang has a
value that equals to one baitrang"
2060,‟nül tram,"The unit of Bhutanese currency, represented by Nu."
2061,thah lah,A fifty-chetrum coin
2062,chang lor,One note
2063,tiru thur pah,One note
2064,che lor,One note
2065,‟ni lor,Two note
2066,ti ru nik tsing pa,Two note
2067,‟nga lor,Five note
2068,ti ru nga pa,Five note
2069,chu lor,Ten note
2070,ti ru se pa,Ten note
2071,khai thur pa,Twenty note
2072,khai lor,Twenty note
2073,‟nap chu lor,Fifty note
2074,jaa lor,One hundred currency note
2075,khai nga pa,One hundred note
2076,‟nap jaa pa,Five hundred note
2077,toong lor,One thousand note
2078,toong thraah thur pa,One thousand note
2079,chhoke zhhee,Four directions
2080,tsham zhhee,"Four cardinal points (Northeast,
Southeast, Southwest, Northwest)"
2081,shar,East
2082,lhooh,South
2083,noop,West
2084,jaang,North
2085,shar lo,Southeast
2086,loh noop,Southwest
2087,noop jaang,Northwest
2088,jaang shar,Northeast
2089,lo ka,"Towards, in the direction of"
2090,toet,Top
2091,naak pa,Above
2092,ga lo ka,Above
2093,juk,Bottom
2094,shot,South
2095,doh ha,Below
2096,o ka,"Down, below, beneath"
2097,dong lo ka,Downward
2098,bar ka,Middle
2099,chhaam ka,"Between, middle"
2100,gah,"Above, up    or At"
2101,aah thoh la,"Above, up"
2102, thoh la,"Above, up"
2103,aa lê la,Over there
2104,ʼlê la,There
2105,ʼa ʼyô la,Down there
2106,ʼyô la,Down there
2107,thah,Here
2108,theng,Here
2109,theng lo ka,This side
2110,leng,That side
2111,naah,There
2112,ʼa nhaah,There
2113,naah lo ka,Next
2114,dhongh,"Down, below"
2115,ʼa thaah,"Here, this"
2116,ʼo thaah,"This, here"
2117,ʼyä pa,Right
2118,ʼyon pa,Left
2119,jap ka,"Behind, back, rear"
2120,tsing lo ka,"Behind, back, rear"
2121,goop ka,"Front, before"
2122,thoong ka,"Top, on"
2123,zur ka,"On the side of, beside"
2124,ʼnae ma,"On the side of, beside, Edge"
2125,re ka,Nearby
2126,rep ka,Corner
2127,chep ka,Slope
2128,pek,Slope
2129,ung,"Ground, plain"
2130,ʼnap,"Corner, end"
2131,nang ka,"Inside, in"
2132,nang du,Within
2133,fis ka,"Out, outside"
2134,o ka,"Under, below"
2135,phra nga,"Under, below"
2136,na lo ka,"Next to, beside, other side"
2137,wa rong,"Horn
"
2138,shaam pee,Tail
2139,lop lo pa,Dewlap
2140,soon thi,Trunk
2141,chheuw,Tusk
2142,zhin chong,Muzzle
2143,be joke taangh,Hoof
2144,bee tse nang,Claw
2145,nä ko pu,Jaw
2146,Pu,Fur or hair
2147,phong,Front legs
2148,bee ting,Hind legs
2149,ze khaang,Hump
2150,phung,Hump
2151,ngong,Mane of the horse
2152,Sop,Scale
2153,nor sem chain,Cattle
2154,wa,Cow
2155,wa da ma,Cow
2156,wa da za,Calf
2157,toh ka,"Bull, ox"
2158,toh ka da za,A young bull
2159,mon dor,Heifer
2160,men cha,Mithun
2161,jaa sa min,Hybrid cow of mithun
2162,jaa sa ,Hybrid bull of mithun
2163,jar si,Jersey
2164,bay laan ti wa,Jersey
2165,ra ba,Goat
2166,kuur tah,Horse
2167,bong buu,Donkey
2168,drê,Mule
2169,kuur tah se pâ,Stallion
2170,kuur tah gey mo,Mare
2171,kuur tah da za,Foal
2172,shi sha,Sheep
2173,phak pa,Pig
2174,nyan pu,Boar
2175,nyan mu,Sow
2176,bey laan ti phak pa,Imported pigs
2177,zhung ka phak pa,Imported pigs
2178,ew fah,Local pig
2179,sa phak pa,Local pig
2180,phak pa da za,Piglet
2181,khuu,Dog
2182,khuu dhah ma,Bitch
2183,khuu dhah za,Puppy
2184,khuu thhong pa,Stray dog
2185,khuu thhong pa,Stray dog
2186,khi khuu,Stray dog
2187,sha khuu,Hunting dog
2188,dah ni,Cat
2189,dah ni dhah za,Kitten
2190,me guu,Queen cat
2191,dah ni kau ra,Tomcat
2192,dah ni bau ra,Tomcat
2193,dah ni thongh pa,Tomcat
2194,ʼyak,Yak
2195,ʼyak thoh kah,Male yak
2196,ʼyak dhah ma,Female yak
2197,jim,Female yak
2198,ʼyak dhah za,Calf
2199,fee chuur ba,Rat
2200,phai da ra,Rat
2201,tsik sa,Mouse
2202,sha wa,Reindeer
2203,ba sha,Mountain goat
2204,bo raang phak pa,Wild boar
2205,gah sha,Barking deer
2206,bo raang khuh,Wolf
2207,phah ru,Wolf
2208,rom,Wolf
2209,ga gong ma,Yellow-throated marten
2210,gaok ma,Yellow-throated marten
2211,ʼom sha,Bear
2212,lah dom,Himalayan bear
2213,khai lah,Tiger
2214,zi,Leopard
2215,za lah,Monkey
2216,roke shah,Langur
2217,dret pu,Gorilla
2218,ʼlaang pa chen,Elephant
2219,nga mong,Giraffe
2220,shiu li,Fox
2221,gung,Jaguar
2222,ri ʼlaang,Bison
2223,nor buu si li,Rhinoceros
2224,ri phah,Hippopotamus
2225,tor to la,Squirrel
2226,ko sok taang,Squirrel
2227,phu ga dhah ni,Wildcat
2228,ʼom sha sha khi,Panda
2229,seng ghee,Lion
2230,ru ghee nang,Snake
2231,buu chee la,Snake
2232,bo daa,Python
2233,dung dung ma,Lizard
2234,yong ku luum,Lizard
2235,zum phee,Porcupine
2236,ri bong,Rabbit
2237,nga,Fish
2238,ru ghee nang nga,Eel
2239,taak taak pa,Frog
2240,bat ba la,Tadpole
2241,chu sin,Crocodile
2242,bui wa rong,Snail
2243,ri buu,Snail
2244,kang kaa ra,Crab
2245,chee tong kaam pa,"Prawn, shrimp"
2246,shiu ra du,Octopus
2247,ri buu,Tortoise
2248,pu,Fur
2249,dro,Feather
2250,shoke pa,Wings
2251,cop chee,Beak
2252,jar,Comb
2253,thor chee,Comb
2254,dor,Wattle
2255,wuun buu,Eagle
2256,chu khaa,Sparrow
2257,ku pee,Cuckoo
2258,jaa chuung,Garuda
2259,thhrung thhrung kar mo,Crane
2260,ngaang khee ʼa ma,Black-necked crane
2261,jaa daang,Pheasant
2262,sha kha,Magpie
2263,cung khaa,Jackdaw
2264,chuub jaa,Strok
2265,ghee lan ti,Duck
2266,ba tro,Parrot
2267,phah wang,Bat
2268,par wa,Pigeon
2269,phu tru,Pigeon
2270,gö,Vulture
2271,ka la tring kang,Ostrich
2272,aa wa ling,Crow
2273,aa wa,Crow
2274,tohk tohk khaa,Wood pecker
2275,ma jaa,Peacock
2276,euk  pa,Owl
2277,rip khaa,Kalij pheasant
2278,go laa po,Rooster
2279,go wa daa ma,Hen
2280,go wa daa za,Chick
2281,ba ling min,White
2282,seer boo,Yellow
2283,sa lu,Red
2284,chang lu,Black
2285,ngo kar,Sky blue
2286,yeng lu khaa muk ken,Dark blue
2287,yeng lu khaa ʼnak ken,Dark blue
2288,yeng lu khaa wang ken,Light blue
2289,li wang,Orange
2290,jang seer,Greenish yellow
2291,sha khaa,Pink
2292,jang khaa khaa muk ken,Dark green
2293,jang khaa khaa ʼnak ken,Dark green
2294,jang khuu,Dark green
2295,yeng lu,Blue
2296,jang khaa khaa wang ken,Light green
2297,sa lu khaa wang ken,Light red
2298,sa lu khaa muk ken,Brown
2299,jaa moo,Purple
2300,za ley,To eat
2301,jaa mey,To drink
2302,dro mey,"To beat, to hit"
2303,kong mey,"To beat, to hit"
2304,zhaak pey,"To beat, to hit"
2305,ʼling pe,"To jump, To run"
2306,juk pe,To run
2307,‟na za ley,"To promise, to swear"
2308,gong mey,To climb
2309,laang mey,To sit
2310,thing mey,To stand
2311,zhei phey,To sleep
2312,phros pe,To vomit
2313,u ley,To wake up
2314,mar bey,To get sick
2315,shi ley,To die
2316,yek pey,To say
2317,shong mey,To twist
2318,drees pey,To spin
2319,dree ley,To roll
2320,lo mey,To roll
2321,jak pe,To pull
2322,brek pe,To push
2323,tros pe,To support
2324,nar bey,To laugh
2325,gey phey,To cry
2326,tshung phung mey,To cough
2327,dam pey,To tie
2328,phek pey,To open
2329,chok pey,To open
2330,cho ley,To stay
2331,di ley,To go
2332,chot pey,To make
2333,chos pey,To make
2334,fot pey,To break
2335,khaang mey,To chop
2336,jar pe,"To stick, to join"
2337,ya ley,To mix
2338,ʼluuk pey,"To pour, to put"
2339,sho ley,"To take out, to withdraw"
2340,tsuk pey,To put inside
2341,brak pey,To scold
2342,phah ley,To bring
2343,buu ley,To take
2344,bee ley,To give
2345,la ley,To receive
2346,doke pey,"To catch, to receive  to accept"
2347,kheek pey,To scratch
2348,trek pey,To scratch
2349,brat pey,To scratch
2350,phak pey,"To clean, to sweep"
2351,ru ley,To snatch
2352,poke pey,To remove
2353,sok pey,To apply
2354,ʼûr pey,To apply
2355,zik pey,To wash
2356,gay mey,"To dispose, to throw, To lose"
2357,wak thuu phey,"To dispose, to throw"
2358,dus pey,"To pick up, to collect"
2359,duung mey,"To pick up, to collect"
2360,tsong mey,To sell
2361,ʼlo tsong mey,To disgrace
2362,trom pey,To crumple
2363,chat pe,To cut
2364,tok pey,"To cut, to chop"
2365,za mey,To cut
2366,chuung mey,"To prick, to stab"
2367,na mey,"To weave, to knit"
2368,phu ley,To lift
2369,thah ley,To keep
2370,zok pey,To grow
2371,drey phey,To squeeze
2372,tsir bey,To squeeze
2373,pen pey,To press
2374,yey ley,To wear
2375,phek pey,"To take off, to remove"
2376,tah phey,"To snap, esp. photo, To fold"
2377,chey ley,To plant
2378,drui bey,To write
2379,ji mey,To ask
2380,ʼlam pey,To study
2381,ʼlhak pey,To read
2382,thok pey,"To switch on, To obstruct, To allow"
2383,su phey,To block
2384,she ley,To kill
2385,nyan pey,To listen
2386,rai pey,To tear
2387,phok pey,To explode
2388,so phey,To burn
2389,zhit pey,To rot
2390,khur bey,To feel cold
2391,sa ley,To heat
2392,chang pey,To cool
2393,bren mey,To flatter
2394,ben mey,To lick
2395,zhum pey,To suck
2396,phaang pey,To show affection
2397,lek pey,To like
2398,shor bey,To lose
2399,thar bey,"To drop, To release"
2400,pher pey,To fly
2401,phur pey,To fly
2402,jan mey,To hang
2403,zhi ley,To hang
2404,zhut pey,To drop
2405,tu ley,To join
2406,cha mey,To get along
2407,trok pey,"To tease, To touch"
2408,phah phey,To bring down
2409,ba phey,To get down
2410,zhu ley,"To get down, To melt"
2411,tar bey,"To throw, To beat"
2412,kai bey,"To impose, To stack, To appoint"
2413,ke bey,To send
2414,muuk pey,"To put on, esp. hat"
2415,tso ley,"To wear, esp. Bracelet"
2416,ʼlik pey,"To grow or To wear, esp. jewelleries"
2417,muu ley,To fry
2418,bor pey,To fry
2419,shuuk pey,To drag
2420,phreng mey,To slip
2421,mrak pey,"To mash, to crush"
2422,ney ley,To make a dough
2423,noke pey,"To hit, esp. by horn"
2424,jake pey,To dig out
2425,ʼlos pey,To dig out
2426,bak pey,"To till, esp. soil"
2427,buuk pey,"To cover, to put on the lid"
2428,char bey,"To install, esp. prayer flag"
2429,teng mey,To compress
2430,daang mey,To walk
2431,nga mey,"To bite, To feel the pain"
2432,dat pey,To chew
2433,dor bey,To drill
2434,laa phey,To lash
2435,khir pey,To spin
2436,geer pey,To spin
2437,zhu mey,To turn over
2438,kor bey,"To circumambulate, To roam"
2439,them pey,"To stop, to break"
2440,nor bey,"To stop, to break"
2441,nong mey,To wait
2442,ley mey,To move
2443,dreng mey,To move
2444,khey mey,"To spread, esp. bedsheet"
2445,yok pey,To cover up
2446,nga ley,To borrow
2447,chee ley,To borrow
2448,zak pey,To win
2449,phah mey,"To lose, esp. competition"
2450,gan pey,"To get old, to age"
2451,ʼa ley,To do
2452,wak pey,To drive
2453,ru mey,To meet
2454,brae bey,"To depart, to divorce"
2455,zo mey,To gather
2456,ka tsom,"Alphabetical composition, the name for verse where each line contains a Dzongkha letter  in alphabetical/ka
kha  order"
2457,kaak,"Misfortune, obstacle"
2458,kan,"Noise, voice, sound"
2459,kaap,Shade
2460,kai paang,"Share, portion, honour"
2461,kai bey ga,"Appointment, nomination"
2462,ke phang,"Share, portion, honour"
2463,ko khah,Backbiting
2464,tre ka,"Stamp, postage stamp, impression"
2465,ka ngäel,"Difficulty, hardship, problem"
2466,kah du,"Difficulty allowance, incentive"
2467,ka sho,"Decree, edict, warrant"
2468,traa shi ‟nga söl,Auspicious ceremony
2469,traa shi di lêy,"Congratulation, wishing of good luck, greeting"
2470,traa shi ʼyang cha,"Flourishing, prosperous"
2471,traa shi ley bäy,Well-wish dance performed at the end of special occasion
2472,tre kom,"Starvation, hunger and thirst"
2473,ken ngän sap cheen,"Tragedy, disaster, catastrophe"
2474,ken ngän,"Misfortune, calamity, incidence"
2475,ken bar chey,"Impediment, untoward occurrence"
2476,ken,"condition, circumstance, factor,  misfortune, calamity, incidence"
2477,kaam thräy,Tax paid in cash
2478,kaam phok,Payment in kind or cash
2479,kar ma,Star
2480,käy wa gop sha,"Dividend, share"
2481,ku,"Score, point, mark"
2482,küul dra,"Propaganda, campaign"
2483,kor jap,"Rotation, turn, shift"
2484,ko ra,"Circumambulation, rotation"
2485,cha laang,"Indulgence, habit"
2486,ki du,"Woe, Welfare"
2487,kit pa,"Wellbeing, peace"
2488,ke sa,Birth-place
2489,ket maa waa gah kin drül,Interest-free loan
2490,ket,Interest on loan
2491,kel dren pa,Transporter
2492,ke drip,Birth contamination
2493,ke waa gah nong,Birthday
2494,ke pah phoh jaa,"Mister (Mr.), male, man"
2495,chong zhaa,"Treatment,  management"
2496,chon ma wa,Flawless
2497,chon ming,Nickname
2498,chön,"Error, flaw, mistake, Fault, defect, damage, Fishy"
2499,char zheip,"Review, reappraisal"
2500,khaa ngeäen,"Rude, vulgar, curse"
2501,khaa cheem,"Last will, testament"
2502,khaa jey,"Luck, fortune"
2503,khaa thur,Unite
2504,khaa then,Verbal message
2505,khaa do,Colour
2506,khaa jaang,Address
2507,khaa tsik,"Agreement, commitment"
2508,khaa tsik gän jaa,Settlement
2509,khaa yik,"Address, caption"
2510,khaa rap,"Malicious talk, cunning talk,
deceitful language"
2511,khaa raam,"Malicious talk, cunning talk, deceitful language"
2512,khaa sha,Argument
2513,khaa shong,Trap
2514,khâa,"Group, part, unit"
2515,khaa baak,"Contract, warranty, take responsibility"
2516,khaang thray,House tax
2517,khaang laa,Rent
2518,khaap di,Advice
2519,khaam,Arrogance
2520,khaar tsâ,"Expenditure, expense, outgoings"
2521,khey ʼlaang dam châ,"Oath of allegiance, pledge"
2522,khey ʼlaang,"Pledge, commitment, volunterism"
2523,khuung,"Reason, cause"
2524,khey güu,Profit and loss
2525,kheb saang,"Profit, benefit"
2526,khok pa tong pa,Empty stomach
2527,chap dra,"Announcement, notification, advertisement"
2528,thram ‟ang,Thram number
2529,thrai,"Tax, levy"
2530,thri nga söl,"Coronation, enthronement"
2531,thrim gäl,"Illegal, illicit, unlawful"
2532,thrim thüe,"Compound, bail"
2533,thrim dey,Judiciary
2534,thrim luk,National law
2535,thrim,"law, rule, justice"
2536,ga dong,"Vertical, up and down"
2537,ga sha yong,Scarecrow
2538,gän jaa tre ka,"Judicial stamp, legal stamp"
2539,gän jaa,"Agreement, contract"
2540,guung thrä,House tax
2541,guung draang,Number of households
2542,guung tong,Empty household
2543,guung ‟ang,House number
2544,gü zhap,"Civility, loyalty, respect"
2545,go kap,"Chance, opportunity"
2546,go dah,"Concept, idea"
2547,go näy,"Designation,rank, position, title"
2548,go sa,"Designation,rank, position, title"
2549,gong,"Price, rate"
2550,gäy,"Line, queue, row"
2551,drip,"Contamination, pollution,
defilement"
2552,drup dräy,"Result, achievement, outcome"
2553,droke raam tsoke pah,Charity
2554,drok raam,"Help, aid, assistance, support"
2555,drö chö,"Resolution, minutes, decision"
2556,drö char,"Proposal, opinion, plan"
2557,drö zhei,"Agenda, motion, proposition"
2558,drö tsoke,"Conference, parliament"
2559,ʼlâ,"Fare, wage, charge"
2560,ʼlo buur gah ken,"Emergency circumstance,
emergency factor, emergency cause"
2561,ʼlo buur nel so,"Casual leave, emergency leave"
2562,lok par,"X-ray, X-ray film"
2563,ga ki,Happiness
2564,ga tön,"Celebration, festival, function"
2565,ga trô,"Delight, pleasure, enjoyment"
2566,ga tsoer,"Acknowledgement, appreciation,
gratitude"
2567,guung lo,Age
2568,gey waa gah lai,"Virtuous act, noble deed,
wholesome deed"
2569,gey wa,"Virtue, merit"
2570,gong yang,"Exemption, forgiveness, pardon"
2571,gey traa,"Joke, prank, fun"
2572,dra,"Enemy, foe"
2573,guu kor,"Deception, fraud"
2574,gan khaa,"Responsibility, duty"
2575,gän khur,"Responsibility, duty"
2576,gän thri,"Accountability, obligation"
2577,go jey ten drel,Inauguration ceremony
2578,drem tön,"Demonstration, display, exhibition, fair, show"
2579,dro wa me yi thop waang,Human right
2580,dro wa me yi ʼwaang cha,Human right
2581,dro wa rik dru,Sentient beings of the six realms
2582,dro wa sem chän,"Sentient being, creature"
2583,gü thüi,"Compensation, indemnity, damages,
restitution"
2584,goot pah,"Ill-fated, jinxed, decadence"
2585,güu,Loss
2586,gay wog,"Block, few villages grouped
together for administrative purposes"
2587,jay ke,"Promotion, growth, enhancement"
2588,jap thah,Support
2589,gäl khaa,"Crown, victory, win"
2590,gäl khap,"Country, kingdom, state"
2591,gäl thri,Throne
2592,gäl jüe gah zhung,Monarchy
2593,gäl jüt,"Dynasty, royal lineage, heredity"
2594,gäl tak,"National emblem, emblem"
2595,gäl dar,"Ensign, national flag"
2596,gäl poi tän zhuk,National anthem
2597,gäl chee,International
2598,gäl ʼlön,King and ministers
2599,gäl zhung,"Monarchy, royal government"
2600,gäl tsün,"queen, queen consort,  king and queen"
2601,gäl yum,"Queen mother, royal mother"
2602,gäl yong ke yik,National language
2603,gäl yong gön cha,National dress
2604,gäl yong ʼling ga,National park
2605,gäl yong ga ki päl zom,Gross national happiness
2606,gäl yong dü chen,National day
2607,gäl yong ʼnäy tshüel,National news
2608,gäl yong mey toh,National flower
2609,gäl yong sak thu,General election
2610,gäl yong sa zhung,National curriculum
2611,gäl yong tsem,National sport
2612,gäl yong tso khaang,National parliament
2613,gäl yong sok du chen mo,"National Assembly, lower house"
2614,gäl yong sok du,National assembly
2615,gäl yong sok dey,"National Council, senate, upper house"
2616,gäl yong lä me,"National workforce, labour force"
2617,gäl yong shing,National tree
2618,gäl yong sem chän,National animal
2619,gäl yong,"Countrywide, national"
2620,gäl si,State affairs
2621,ju cha la,"Asset, property, belongings"
2622,ju cha,Raw material
2623,ju nor long chö,"Wealth, riches"
2624,ju nor,"Asset, wealth"
2625,jum tshän,"Basis, cause, reason, evidence,
purpose, point"
2626,juk paang,"Stick, bludgeon, lash rod"
2627,gear dey,Private sector
2628,gear,"Private, personal"
2629,go nor so chong,"Animal husbandry, livestock rearing, ranching"
2630,go nor,"Cattle, domestic animal"
2631,go jey ten drel,"Inauguration, inaugural ceremony"
2632,drik lam ʼnam zhaa,"Etiquette, code of conduct"
2633,jaa cha,"Percentage, percent"
2634,juut pa,"Descendant, hereditary, successor"
2635,nga gäl,"Arrogance, ego, pride"
2636,nang,Song
2637,naen pah guu zom,Meeting of nine evils
2638,nean song,"Hell, lower realm"
2639,ngän lhäy,Corruption
2640,nam zer,"Sunbeam, sun rays"
2641,nam za zin,Solar eclipse
2642,nam rey gah ʼla,Daily wage
2643,ngä raang,"Admiration, appreciation"
2644,no göl,Insurgency
2645,no tah,"Brand, identification mark"
2646,no tah,Identity
2647,no tröi,"Introduction, induction"
2648,no ma,"Actual, real"
2649,no ming,Name
2650,no sap,"Acting, representative, officiating"
2651,no ri,"Appearance, attractive looks, well- proportioned face"
2652,nö zin,"Identification, recognition"
2653,nöi len,"Acceptance, admittance"
2654,nöl chuung,"Mercury, quicksilver"
2655,ʼnga wog,"Domain, under, jurisdiction"
2656,cha thrim,"Act, statute"
2657,cha dre,"Preparation, arrangement"
2658,chuüt,"Fertility, nutrient, nutrition"
2659,chak thah,Iron chain
2660,chok drup,"Ability, capability"
2661,cha wog,District
2662,chaa ru,"Colleague, friend"
2663,chaa ru ches pu,Best friend
2664,chak pa,Bunch
2665,chet paang,Leftover
2666,chaas pah gah,"Requirement, need"
2667,chaas,"Dialect, spoken language"
2668,ching nang,Knot
2669,chip dräl,"Cavalcade, state, procession"
2670,chu tree,"Break, holiday, leave"
2671,chok tham,"Licence, pass, permit"
2672,chon ju,"Test, examination"
2673,char zhei,"Plan, strategy, vision"
2674,jap,"Times, stroke"
2675,jaa ro,Friendslave
2676,jeek ten zam ʼling,"Earth, physical world"
2677,nam nong,"Experience, glimpse"
2678,nuung pu,Less
2679,nie ring,"Partiality, discrimination,
favouritism,"
2680,nen khaa,"Danger, threat, risk"
2681,neiy thrim,"Sentence, punishment, penalty"
2682,nie jaa,"Punishment, penalty, indictment"
2683,nop tsong,"Trade, shopping, business"
2684,ʼnen tham,Marriage certificate
2685,ʼnyän  cha,"Music, instrument"
2686,ʼniän zheeu,"Report, file, apprise"
2687,ʼneing jey,"Compassion, sympathy"
2688,ʼneing po,"Essence, substance, value"
2689,taang,"Gift, present"
2690,tan muung,"Show, pageant"
2691,tam ka,"Tobacco, cigarette"
2692,ti ru sa maang,"Repayment, refund"
2693,tän tän,"Confirmation, finalization"
2694,taam ju,Folk tale
2695,taam neiän,"Ill-fame, bad news"
2696,taam,Story
2697,ta ma,Mortgage
2698,tingh daangh khaat kah,Top and bottom
2699,ting,"Bottom, depth"
2700,ta ma,"Award, medal"
2701,tak tshän,"Omen, sign"
2702,tak,Sign
2703,täy thah,"Stick, lash rod"
2704,ten drel,"Occasion, function"
2705,ta zong,Watchtower
2706,toh tshang,Friend
2707,to li,Gluttony
2708,top,"Strength, force, cannon"
2709,tak chey,Examination
2710,ta jaa thong jaa,Exposure
2711,tak shäl,Tourism
2712,tuun drey,Discussion
2713,tuun cha,Discussion
2714,thah daam tsik,"Faithfulness, loyalty"
2715,thäh kah,"Regarding, concerning"
2716,thap daang shey rap,Method and wisdom
2717,thap lam,"Means, method"
2718,thap shey,Solution
2719,thaam chän,"Whole, entire"
2720,thar pa,"Nirvana, salvation"
2721,thik,Line
2722,thiu,Seal
2723,thu ken,Accident
2724,thuk jey jin lap,Blessing
2725,thuk jey,"Grace, blessing"
2726,thiay tsom,"Doubt, suspicion"
2727,thaip,Excess
2728,thoh,"List, listing"
2729,thön kay,"Output, produce"
2730,thön khuung,Productivity
2731,thop khuung,Source of income
2732,thop wang,Entitlement
2733,thah kor ʼnäy taang,"Surrounding, environmental condition"
2734,thaas kor,"Environment, surrounding"
2735,thün laam,"Connection, relationship, bond"
2736,thü me,"Member, cadre"
2737,thik shorr,Failure
2738,thaen,"Verbal message, communication"
2739,thaep,Extra
2740,dah sur,"Less, little"
2741,tik taang,"Less, little"
2742,dam tsik,"Loyalty, commitment"
2743,daar chap,"Prevalence, desimination"
2744,duuk,Poison
2745,duuk zäy,Toxin
2746,dü dro,Animal
2747,dü chen,Grand occasion
2748,dü tap,Appointment
2749,dü tön,"Festival, ceremony"
2750,doh kang,"Staff, walking stick"
2751,doke pa,"Doubt, suspicion"
2752,dön thäh,"Meaning, purpose"
2753,dran pa,Dirt
2754,dran ma,"Consciousness, Maturity"
2755,drän so,Reminder
2756,dree wa dre län,"Question and answer, interview"
2757,dree wa,Question
2758,drin chän,Gracious
2759,drin,Gratitude
2760,druung khak,Sub-district
2761,drung thrim,"Sub-majestrate, sub-district judge"
2762,dro ban tsong,Black marketing
2763,dam khaa,"Selection, nomination"
2764,dän dren,Invitation
2765,daang,Tune
2766,duung jüe,"Descent, lineage"
2767,dong len,Reception
2768,düt,"Devil, demon"
2769,dey ki,"Peace, wellbeing"
2770,dey wa,"Happiness, peace"
2771,den khuung,"Justification, validation"
2772,den pa,Truth
2773,den tsik,"Truth, word of truth"
2774,den zin,"True and false, right and wrong"
2775,du shey,"Gratitude, understanding"
2776,dah läin,"Signal, information"
2777,dur,"Challenge, contest"
2778,dom tsie,Addition
2779,young dom,"Grand total, total, partnership, co- ordination"
2780,na ka,"Type, variety, range, Earthquake"
2781,na tshö,"Age, year"
2782,nak tsong,Black marketing
2783,nang drik,Negotiation
2784,nang zäy,"Filling, stuffing"
2785,nang soop,Bribe
2786,no wang khah ri,"Rude, abusive, vulgar, abuse, curse,
row"
2787,no wang tongh pah,Without eating
2788,no wang di ku,"Stammer, stutter"
2789,nor thräy,Cattel tax
2790,nor buu,"Gem, jewel"
2791,ʼnäy kap,"Idea, strategy"
2792,ʼnäy taang,"environment, status, condition, position"
2793,ʼnaang wa,"Permission, approval, authorisation"
2794,ʼnäy seyl,News
2795,ʼnäy sor,"Move, shift, transfer"
2796,‟nok saam,"Thought, opinion, feeling"
2797,ʼnam juur,"Gesture, acting"
2798,ʼnam toh,Hock
2799,ʼnam pah ʼnah tsoke,"Variety, types"
2800,ʼnam ‟min,"Karmic effect, result"
2801,ʼnam she,Soul
2802,pey taam,"Proverb, saying"
2803,pey,"Example, sample"
2804,cha,"Fraction, part"
2805,po nang,Addition
2806,chee wog,"Sub-division of village
administration"
2807,tro wa,"Delight, fun"
2808,phai ra wa,Ruins
2809,phai sa,Plot
2810,phey traang,Alimony
2811,phu duk pah gah tam,Expression of suffering
2812,phur tsie,"Dirt, dust"
2813,pho rap,Handsome
2814,pho laang tong pah,Empty stomach
2815,phuung,"Sneak, agitate"
2816,ba na raang,"Honestly, truly"
2817,bak drip,"Defilement that is brought by different people assembled in a
marriage"
2818,bak cha,Wrench
2819,bäy thaah,Fight
2820,be laam,Footprint
2821,buu daang,"Grain, Count, numbers"
2822,buu len,Debt
2823,bong khai,Share
2824,bro,Dance
2825,brok ta,Grumble
2826,brok shi,Grumble
2827,dron,Second share
2828,jor tah,Receipt
2829,baang ki,Credit
2830,maang thaan,Labour contribution in lieu of tax
2831,maan bah,"Old, worn out"
2832,maan ma,"Old, worn out"
2833,me thrai,Electricity tariff
2834,me nang,Sleep
2835,ʼme tsie,Census
2836,‟me sear,"Citizen, people"
2837,‟mik sear,Jealousy
2838,ming da za,Jealousy
2839,mo rap,Beautiful
2840,mong shi,Dream
2841,zhung kah chu tree,Public holiday
2842,‟män chö,Treatment
2843,sa tah leng pah,"Naked, nude"
2844,tsoke pah,Dirt
2845,sa chey tok toh,"Valuable, important"
2846,tsham trau li,Curly hair
2847,tsem phreas pa,Broken seam
2848,sey so nga gah lah nee nam,Full moon
2849,tsong thräy,Sales tax
2850,zo mey ga,"Meeting, gathering, congress"
2851,zey wa,"Fault, guilt"
2852,zhaap toh,Service
2853,zhing tsang,"Swamp, puddle"
2854,zhhu yik,Application
2855,zhhu luk,Complaint
2856,zhiit ka,Memory
2857,zäy drong,"Expenditure, expense"
2858,zu,Splinter
2859,zum zu ma,Fight
2860,dah wah zah dzin,Lunar eclipse
2861,zo,"Appearance, attractive looks, well-
proportioned face"
2862,ur lah,Labour contribution in lieu of tax
2863,ya,Sharpness
2864,yar gäy,"Increase, development"
2865,yi guu,Letter
2866,yin tsang,"Swamp, puddle"
2867,yong,"shadow, scare, fear"
2868,rang zhin,Nature
2869,raam,"Credit, loan"
2870,rai pa,Tear
2871,ri thräy,Water bill
2872,ri phraang,River bed
2873,ri bom nang,"Bubble, scum, froth"
2874,rin,"Price, rate"
2875,rup,"Partnership, collaboration, collective"
2876,rey cha,Expectation
2877,rok raam,"Help, support"
2878,rong,"Baggage, luggage, load"
2879,röt pa,"Flash flood, flood, inundation"
2880,lah nee nam,Moon
2881,laang shor,"Habit, addict"
2882,lak sap,Labour exchange
2883,läy ju dräy,Cause and effect
2884,‟lung da ma,"Rock, conglomerate, boulder"
2885,ʼlung bok pe,Stone dust
2886,lo mah tek pah,"Stammer, stutter"
2887,lo,"Dialect, spoken language"
2888,she drip,Contamination from death
2889,she ri,Smell
2890,sher,Smell
2891,shak pa,"Apology, confession"
2892,sa naang,"Urge, craving"
2893,sa thräy,Land tax
2894,sem ma lek pu,"Bad-hearted, evil-minded"
2895,sem lek pu,Kind-hearted
2896,sem chän,Animal
2897,so no ga rik,"Human race, ethnicity, humankind"
2898,so no,Human being
2899,so dah,"Lie, false"
2900,so thüi,Palimony
2901,soi ra,Prize
2902,lhaam pah,"Type, variety, kind"
2903,dra ʼlha,Protective deity
2904,yü ʼlha,Local diety
2905,ʼlu,Serpent
2906,khan droma,"Dakini, angel, fairy"
2907,ke ʼlha,"Deity of birth-place, natal deity"
2908,ke sen,"Deity of birth-place, natal deity"
2909,dai lo,Resurrection
